{
  "variant": "no_backreaction",
  "option": "A_to_B_rescan_strong_reuseB",
  "assembly_order": "A_to_B_rescan",
  "require_connected_assembly": true,
  "require_strong_assembly_context": true,
  "allow_B_reuse_A_faces": true,
  "baseline_metrics": {
    "vertices": 13,
    "edges": 33,
    "faces": 31,
    "tets": 10,
    "euler": 1,
    "beta0": 1,
    "beta1": 0,
    "beta2": 0,
    "beta3": 0,
    "boundary_faces": 22,
    "saturated_faces": 9,
    "overfull_faces": 0,
    "boundary_fraction": 0.7096774193548159,
    "saturated_fraction": 0.29032258064515193,
    "manifold_face_fraction": 0.9999999999999678,
    "edge_link_cycle_count": 0,
    "edge_link_candidate_count": 17,
    "edge_link_cycle_fraction": 0.0,
    "edge_link_noncircle_cycle_count": 0,
    "K_mean": 0.6243169724281119,
    "K_p95": 1.3870186003895344,
    "closed_ratio": 0.5081210545386275,
    "exact_residual_ratio": 0.2737836843813679,
    "harmonic_ratio": 0.0
  },
  "auto_metrics": {
    "vertices": 13,
    "edges": 43,
    "faces": 61,
    "tets": 22,
    "euler": 9,
    "beta0": 1,
    "beta1": 0,
    "beta2": 8,
    "beta3": 0,
    "boundary_faces": 34,
    "saturated_faces": 27,
    "overfull_faces": 0,
    "boundary_fraction": 0.5573770491803187,
    "saturated_fraction": 0.44262295081966485,
    "manifold_face_fraction": 0.9999999999999836,
    "edge_link_cycle_count": 1,
    "edge_link_candidate_count": 34,
    "edge_link_cycle_fraction": 0.029411764705881485,
    "edge_link_noncircle_cycle_count": 0,
    "K_mean": 0.5752386200894969,
    "K_p95": 1.3681249742004404,
    "closed_ratio": 0.42450446501715833,
    "exact_residual_ratio": 0.27243930236832103,
    "harmonic_ratio": 0.1727803998190516
  },
  "directed_metrics": {
    "beta0": 1,
    "beta1": 0,
    "beta2": 8,
    "beta3": 0,
    "harmonic_dim_real": 8,
    "applied_pair_count": 4,
    "raw_K_total_norm": 4.2967561918208075,
    "raw_K_harmonic_norm": 2.038975407285155e-15,
    "raw_K_harmonic_ratio": 4.745383066337392e-16,
    "raw_local_orientation_coherence": 0.1770086594963937,
    "raw_local_axis_coherence": 0.48096874706378423,
    "raw_support_count": 61,
    "raw_H_orientation_coherence": 0.0,
    "raw_H_axis_coherence": 0.0,
    "raw_H_support_count": 0,
    "raw_3face_coherence": 0.5772476114217925,
    "shared_edge_3face_phase_defect": 0.42275238857820746,
    "raw_3face_count": 385,
    "pair_transport_total_norm": 1.9303653156968192,
    "pair_transport_harmonic_norm": 0.7830006794690414,
    "pair_transport_harmonic_ratio": 0.40562305647622443,
    "pair_scalar_total_norm": 1.9303653156965297,
    "pair_scalar_harmonic_norm": 0.6336426781844322,
    "pair_scalar_harmonic_ratio": 0.3282501364025327,
    "pair_raw_orientation_coherence": 0.212920123869791,
    "pair_raw_axis_coherence": 0.46787001072313494,
    "pair_raw_support_count": 8,
    "pair_orientation_coherence": 0.04202285690726139,
    "pair_axis_coherence": 0.6007549043406464,
    "pair_H_support_count": 61,
    "pair_3face_coherence": 0.0,
    "pair_shared_edge_3face_phase_defect": 0.0,
    "pair_3face_count": 0,
    "mean_pair_transport_cosine": 0.14147522311882982,
    "interfan_phase_transport_residual": 0.6736024349791836,
    "decision_used_delta_beta_any": false,
    "measured_delta_beta2_sum": 8,
    "raw_normal_flux_signed_ratio": -0.09180929937393228,
    "raw_normal_flux_abs_ratio": 0.5100546629100177,
    "raw_kappa_orientation_ratio": 0.17999894138787437,
    "raw_birth_normal_flux_signed_ratio": -0.09180929937393228,
    "raw_birth_normal_flux_abs_ratio": 0.5100546629100177,
    "raw_kappa_birth_orientation_ratio": 0.17999894138787437,
    "raw_H_normal_flux_signed_ratio": 0.00022176813071366765,
    "raw_H_normal_flux_abs_ratio": 0.003332983387917181,
    "raw_H_kappa_orientation_ratio": 0.06653742453415457,
    "raw_H_birth_normal_flux_signed_ratio": 0.00022176813071366765,
    "raw_H_birth_normal_flux_abs_ratio": 0.003332983387917181,
    "raw_H_kappa_birth_orientation_ratio": 0.06653742453415457,
    "pair_raw_normal_flux_signed_ratio": -0.02872662335018235,
    "pair_raw_normal_flux_abs_ratio": 0.5390884883838751,
    "pair_raw_kappa_orientation_ratio": 0.0532873989504917,
    "pair_raw_birth_normal_flux_signed_ratio": -0.02872662335018235,
    "pair_raw_birth_normal_flux_abs_ratio": 0.5390884883838751,
    "pair_raw_kappa_birth_orientation_ratio": 0.0532873989504917,
    "pair_normal_flux_signed_ratio": 0.07000932677297095,
    "pair_normal_flux_abs_ratio": 0.5200000830046158,
    "pair_kappa_orientation_ratio": 0.134633299226252,
    "pair_birth_normal_flux_signed_ratio": 0.07000932677297095,
    "pair_birth_normal_flux_abs_ratio": 0.5200000830046158,
    "pair_kappa_birth_orientation_ratio": 0.134633299226252
  },
  "signed_quadrature_metrics": {
    "beta0": 1,
    "beta1": 0,
    "beta2": 8,
    "beta3": 0,
    "harmonic_dim_real": 8,
    "applied_pair_count": 4,
    "decision_used_delta_beta_any": false,
    "measured_delta_beta2_sum": 8,
    "mean_transport_cosine_ka_kb_reversed": 0.14147522311882982,
    "mean_Q_P_cosine": 0.7176498634713124,
    "mean_P_over_Q_norm_ratio": 0.8986042699136025,
    "abs_area_total": 0.7112267493356835,
    "abs_area_mean_ratio": 0.6295953109709951,
    "signed_birth_area_sum": -0.2028882388054587,
    "signed_outward_area_sum": -0.2028882388054587,
    "signed_pair_axis_area_sum": 0.25516390566454983,
    "signed_birth_over_abs_sum_ratio": -0.2852651970622306,
    "signed_outward_over_abs_sum_ratio": -0.2852651970622306,
    "signed_pair_axis_over_abs_sum_ratio": 0.35876590117360624,
    "mean_signed_birth_over_abs": -0.26500234700923886,
    "mean_signed_outward_over_abs": -0.26500234700923886,
    "mean_signed_pair_axis_over_abs": 0.2914772531872315,
    "mean_abs_signed_birth_over_abs": 0.372658301664643,
    "mean_abs_signed_outward_over_abs": 0.372658301664643,
    "mean_abs_signed_pair_axis_over_abs": 0.2914772531872315,
    "scalar_abs_area_harmonic_ratio": 0.3363119067977262,
    "scalar_signed_birth_harmonic_ratio": 0.35029559090533635,
    "scalar_signed_outward_harmonic_ratio": 0.35029559090533635,
    "scalar_signed_birth_total_norm": 0.22891477864218177,
    "scalar_signed_outward_total_norm": 0.22891477864218177,
    "Q_even_total_norm": 1.9303653156968192,
    "Q_even_harmonic_norm": 0.7830006794690414,
    "Q_even_harmonic_ratio": 0.40562305647622443,
    "Q_even_raw_orientation_coherence": 0.212920123869791,
    "Q_even_raw_axis_coherence": 0.46787001072313494,
    "Q_even_raw_support_count": 8,
    "Q_even_H_orientation_coherence": 0.04202285690726139,
    "Q_even_H_axis_coherence": 0.6007549043406464,
    "Q_even_H_support_count": 61,
    "Q_even_raw_normal_flux_signed_ratio": -0.02872662335018235,
    "Q_even_raw_normal_flux_abs_ratio": 0.5390884883838751,
    "Q_even_raw_kappa_orientation_ratio": 0.0532873989504917,
    "Q_even_raw_birth_normal_flux_signed_ratio": -0.02872662335018235,
    "Q_even_raw_birth_normal_flux_abs_ratio": 0.5390884883838751,
    "Q_even_raw_kappa_birth_orientation_ratio": 0.0532873989504917,
    "Q_even_H_normal_flux_signed_ratio": 0.07000932677297095,
    "Q_even_H_normal_flux_abs_ratio": 0.5200000830046158,
    "Q_even_H_kappa_orientation_ratio": 0.134633299226252,
    "Q_even_H_birth_normal_flux_signed_ratio": 0.07000932677297095,
    "Q_even_H_birth_normal_flux_abs_ratio": 0.5200000830046158,
    "Q_even_H_kappa_birth_orientation_ratio": 0.134633299226252,
    "P_odd_total_norm": 1.795064213827985,
    "P_odd_harmonic_norm": 0.616365578621635,
    "P_odd_harmonic_ratio": 0.3433668689249218,
    "P_odd_raw_orientation_coherence": 0.666934153457276,
    "P_odd_raw_axis_coherence": 0.5845031036572585,
    "P_odd_raw_support_count": 8,
    "P_odd_H_orientation_coherence": 0.03783303827717748,
    "P_odd_H_axis_coherence": 0.5272614012368328,
    "P_odd_H_support_count": 61,
    "P_odd_raw_normal_flux_signed_ratio": -0.008019463943357475,
    "P_odd_raw_normal_flux_abs_ratio": 0.5028242840055703,