{
  "variant": "real_growth",
  "max_level": 2,
  "phase_sign": 1,
  "baseline_metrics": {
    "vertices": 13,
    "edges": 33,
    "faces": 31,
    "tets": 10,
    "euler": 1,
    "beta0": 1,
    "beta1": 0,
    "beta2": 0,
    "beta3": 0,
    "boundary_faces": 22,
    "saturated_faces": 9,
    "overfull_faces": 0,
    "boundary_fraction": 0.7096774193548159,
    "saturated_fraction": 0.29032258064515193,
    "manifold_face_fraction": 0.9999999999999678,
    "edge_link_cycle_count": 0,
    "edge_link_candidate_count": 17,
    "edge_link_cycle_fraction": 0.0,
    "edge_link_noncircle_cycle_count": 0,
    "K_mean": 0.8073735822465625,
    "K_p95": 1.8499405472778678,
    "closed_ratio": 0.4594816320937747,
    "exact_residual_ratio": 0.2571057228705153,
    "harmonic_ratio": 0.0
  },
  "auto_metrics": {
    "vertices": 13,
    "edges": 41,
    "faces": 55,
    "tets": 22,
    "euler": 5,
    "beta0": 1,
    "beta1": 0,
    "beta2": 4,
    "beta3": 0,
    "boundary_faces": 22,
    "saturated_faces": 33,
    "overfull_faces": 0,
    "boundary_fraction": 0.3999999999999927,
    "saturated_fraction": 0.5999999999999891,
    "manifold_face_fraction": 0.9999999999999818,
    "edge_link_cycle_count": 9,
    "edge_link_candidate_count": 32,
    "edge_link_cycle_fraction": 0.2812499999999912,
    "edge_link_noncircle_cycle_count": 0,
    "K_mean": 0.7741813641636709,
    "K_p95": 1.5275009336093657,
    "closed_ratio": 0.5427342923165444,
    "exact_residual_ratio": 0.29315782463195494,
    "harmonic_ratio": 0.10880034851590802
  },
  "directed_metrics": {
    "beta0": 1,
    "beta1": 0,
    "beta2": 4,
    "beta3": 0,
    "harmonic_dim_real": 4,
    "applied_pair_count": 4,
    "raw_K_total_norm": 5.58455479150973,
    "raw_K_harmonic_norm": 1.2376932890525053e-15,
    "raw_K_harmonic_ratio": 2.2162792474235627e-16,
    "raw_local_orientation_coherence": 0.14787425912967433,
    "raw_local_axis_coherence": 0.5219519565983731,
    "raw_support_count": 55,
    "raw_H_orientation_coherence": 0.0,
    "raw_H_axis_coherence": 0.0,
    "raw_H_support_count": 0,
    "raw_3face_coherence": 0.5432417582780733,
    "shared_edge_3face_phase_defect": 0.45675824172192675,
    "raw_3face_count": 300,
    "pair_transport_total_norm": 3.0511674615984434,
    "pair_transport_harmonic_norm": 1.1649198579256717,
    "pair_transport_harmonic_ratio": 0.38179479579105513,
    "pair_scalar_total_norm": 3.0511674616011386,
    "pair_scalar_harmonic_norm": 0.732434250107065,
    "pair_scalar_harmonic_ratio": 0.2400504919262841,
    "pair_raw_orientation_coherence": 0.12145830903909864,
    "pair_raw_axis_coherence": 0.7405294930716111,
    "pair_raw_support_count": 8,
    "pair_orientation_coherence": 0.054707497637611055,
    "pair_axis_coherence": 0.7733205041332809,
    "pair_H_support_count": 55,
    "pair_3face_coherence": 0.0,
    "pair_shared_edge_3face_phase_defect": 0.0,
    "pair_3face_count": 0,
    "mean_pair_transport_cosine": -0.02340671682187323,
    "interfan_phase_transport_residual": 0.54385220445944,
    "decision_used_delta_beta_any": false,
    "measured_delta_beta2_sum": 4,
    "raw_normal_flux_signed_ratio": -0.06613003069128412,
    "raw_normal_flux_abs_ratio": 0.5003361372844841,
    "raw_kappa_orientation_ratio": 0.1321712060417322,
    "raw_birth_normal_flux_signed_ratio": -0.06613003069128412,
    "raw_birth_normal_flux_abs_ratio": 0.5003361372844841,
    "raw_kappa_birth_orientation_ratio": 0.1321712060417322,
    "raw_H_normal_flux_signed_ratio": -0.0001398099603365185,
    "raw_H_normal_flux_abs_ratio": 0.0016531496222931944,
    "raw_H_kappa_orientation_ratio": 0.08457187320891552,
    "raw_H_birth_normal_flux_signed_ratio": -0.0001398099603365185,
    "raw_H_birth_normal_flux_abs_ratio": 0.0016531496222931944,
    "raw_H_kappa_birth_orientation_ratio": 0.08457187320891552,
    "pair_raw_normal_flux_signed_ratio": -0.4074610721061673,
    "pair_raw_normal_flux_abs_ratio": 0.4184878283819714,
    "pair_raw_kappa_orientation_ratio": 0.9736509510457896,
    "pair_raw_birth_normal_flux_signed_ratio": -0.4074610721061673,
    "pair_raw_birth_normal_flux_abs_ratio": 0.4184878283819714,
    "pair_raw_kappa_birth_orientation_ratio": 0.9736509510457896,
    "pair_normal_flux_signed_ratio": 0.007966072057012441,
    "pair_normal_flux_abs_ratio": 0.3700323515419988,
    "pair_kappa_orientation_ratio": 0.02152804213954455,
    "pair_birth_normal_flux_signed_ratio": 0.007966072057012441,
    "pair_birth_normal_flux_abs_ratio": 0.3700323515419988,
    "pair_kappa_birth_orientation_ratio": 0.02152804213954455
  },
  "signed_quadrature_metrics": {
    "beta0": 1,
    "beta1": 0,
    "beta2": 4,
    "beta3": 0,
    "harmonic_dim_real": 4,
    "applied_pair_count": 4,
    "decision_used_delta_beta_any": false,
    "measured_delta_beta2_sum": 4,
    "mean_transport_cosine_ka_kb_reversed": -0.02340671682187323,
    "mean_Q_P_cosine": 0.364363571812968,
    "mean_P_over_Q_norm_ratio": 1.6539102731289623,
    "abs_area_total": 3.252349140891506,
    "abs_area_mean_ratio": 0.7520372525461246,
    "signed_birth_area_sum": -2.0316257617281166,
    "signed_outward_area_sum": -2.0316257617281166,
    "signed_pair_axis_area_sum": 1.105505023964073,
    "signed_birth_over_abs_sum_ratio": -0.6246641039192367,
    "signed_outward_over_abs_sum_ratio": -0.6246641039192367,
    "signed_pair_axis_over_abs_sum_ratio": 0.3399097009802279,
    "mean_signed_birth_over_abs": -0.52037634760039,
    "mean_signed_outward_over_abs": -0.52037634760039,
    "mean_signed_pair_axis_over_abs": 0.2022342919047701,
    "mean_abs_signed_birth_over_abs": 0.52037634760039,
    "mean_abs_signed_outward_over_abs": 0.52037634760039,
    "mean_abs_signed_pair_axis_over_abs": 0.2890275621601642,
    "scalar_abs_area_harmonic_ratio": 0.23038839298439814,
    "scalar_signed_birth_harmonic_ratio": 0.23513422904766085,
    "scalar_signed_outward_harmonic_ratio": 0.23513422904766085,
    "scalar_signed_birth_total_norm": 2.384762349114475,
    "scalar_signed_outward_total_norm": 2.384762349114475,
    "Q_even_total_norm": 3.0511674615984434,
    "Q_even_harmonic_norm": 1.1649198579256717,
    "Q_even_harmonic_ratio": 0.38179479579105513,
    "Q_even_raw_orientation_coherence": 0.12145830903909864,
    "Q_even_raw_axis_coherence": 0.7405294930716111,
    "Q_even_raw_support_count": 8,
    "Q_even_H_orientation_coherence": 0.054707497637611055,
    "Q_even_H_axis_coherence": 0.7733205041332809,
    "Q_even_H_support_count": 55,
    "Q_even_raw_normal_flux_signed_ratio": -0.4074610721061673,
    "Q_even_raw_normal_flux_abs_ratio": 0.4184878283819714,
    "Q_even_raw_kappa_orientation_ratio": 0.9736509510457896,
    "Q_even_raw_birth_normal_flux_signed_ratio": -0.4074610721061673,
    "Q_even_raw_birth_normal_flux_abs_ratio": 0.4184878283819714,
    "Q_even_raw_kappa_birth_orientation_ratio": 0.9736509510457896,
    "Q_even_H_normal_flux_signed_ratio": 0.007966072057012441,
    "Q_even_H_normal_flux_abs_ratio": 0.3700323515419988,
    "Q_even_H_kappa_orientation_ratio": 0.02152804213954455,
    "Q_even_H_birth_normal_flux_signed_ratio": 0.007966072057012441,
    "Q_even_H_birth_normal_flux_abs_ratio": 0.3700323515419988,
    "Q_even_H_kappa_birth_orientation_ratio": 0.02152804213954455,
    "P_odd_total_norm": 3.396043290663588,
    "P_odd_harmonic_norm": 0.8449391240503521,
    "P_odd_harmonic_ratio": 0.24880104631557917,
    "P_odd_raw_orientation_coherence": 0.5155802186345895,
    "P_odd_raw_axis_coherence": 0.5126021676691265,
    "P_odd_raw_support_count": 8,
    "P_odd_H_orientation_coherence": 0.044571903519349865,
    "P_odd_H_axis_coherence": 0.5183904094522469,
    "P_odd_H_support_count": 55,
    "P_odd_raw_normal_flux_signed_ratio": -0.012829294460530972,
    "P_odd_raw_normal_flux_abs_ratio": 0.644630728173019,
    "P_odd_raw_kappa_orientation_ratio": 0.019901773061410263,
    "P_odd_raw_birth_normal_flux_signed_ratio": -0.012829294460530972,