{
  "variant": "real_growth",
  "option": "B_to_A_rescan_connected_noReuseB",
  "assembly_order": "B_to_A_rescan",
  "require_connected_assembly": true,
  "require_strong_assembly_context": false,
  "allow_B_reuse_A_faces": false,
  "baseline_metrics": {
    "vertices": 13,
    "edges": 33,
    "faces": 31,
    "tets": 10,
    "euler": 1,
    "beta0": 1,
    "beta1": 0,
    "beta2": 0,
    "beta3": 0,
    "boundary_faces": 22,
    "saturated_faces": 9,
    "overfull_faces": 0,
    "boundary_fraction": 0.7096774193548159,
    "saturated_fraction": 0.29032258064515193,
    "manifold_face_fraction": 0.9999999999999678,
    "edge_link_cycle_count": 0,
    "edge_link_candidate_count": 17,
    "edge_link_cycle_fraction": 0.0,
    "edge_link_noncircle_cycle_count": 0,
    "K_mean": 0.8073735822465625,
    "K_p95": 1.8499405472778678,
    "closed_ratio": 0.4594816320937747,
    "exact_residual_ratio": 0.2571057228705153,
    "harmonic_ratio": 0.0
  },
  "auto_metrics": {
    "vertices": 13,
    "edges": 41,
    "faces": 55,
    "tets": 22,
    "euler": 5,
    "beta0": 1,
    "beta1": 0,
    "beta2": 4,
    "beta3": 0,
    "boundary_faces": 22,
    "saturated_faces": 33,
    "overfull_faces": 0,
    "boundary_fraction": 0.3999999999999927,
    "saturated_fraction": 0.5999999999999891,
    "manifold_face_fraction": 0.9999999999999818,
    "edge_link_cycle_count": 9,
    "edge_link_candidate_count": 31,
    "edge_link_cycle_fraction": 0.29032258064515193,
    "edge_link_noncircle_cycle_count": 0,
    "K_mean": 0.7268292766734435,
    "K_p95": 1.3460301464960225,
    "closed_ratio": 0.5270443384281366,
    "exact_residual_ratio": 0.30450896486013374,
    "harmonic_ratio": 0.16395351931224397
  },
  "directed_metrics": {
    "beta0": 1,
    "beta1": 0,
    "beta2": 4,
    "beta3": 0,
    "harmonic_dim_real": 4,
    "applied_pair_count": 4,
    "raw_K_total_norm": 5.280193337134562,
    "raw_K_harmonic_norm": 2.669078259081575e-15,
    "raw_K_harmonic_ratio": 5.054887366168899e-16,
    "raw_local_orientation_coherence": 0.11418900333755236,
    "raw_local_axis_coherence": 0.49587060721769677,
    "raw_support_count": 55,
    "raw_H_orientation_coherence": 0.0,
    "raw_H_axis_coherence": 0.0,
    "raw_H_support_count": 0,
    "raw_3face_coherence": 0.5447744451353796,
    "shared_edge_3face_phase_defect": 0.4552255548646203,
    "raw_3face_count": 321,
    "pair_transport_total_norm": 3.064186073219171,
    "pair_transport_harmonic_norm": 1.0403948036950037,
    "pair_transport_harmonic_ratio": 0.33953382034715884,
    "pair_scalar_total_norm": 3.064186073222032,
    "pair_scalar_harmonic_norm": 0.6524365541432116,
    "pair_scalar_harmonic_ratio": 0.21292328159985174,
    "pair_raw_orientation_coherence": 0.1214786112330818,
    "pair_raw_axis_coherence": 0.43178343217106646,
    "pair_raw_support_count": 8,
    "pair_orientation_coherence": 0.09892863620175033,
    "pair_axis_coherence": 0.6557844757453104,
    "pair_H_support_count": 55,
    "pair_3face_coherence": 0.0,
    "pair_shared_edge_3face_phase_defect": 0.0,
    "pair_3face_count": 0,
    "mean_pair_transport_cosine": -0.051712334258130835,
    "interfan_phase_transport_residual": 0.8201780057701447,
    "decision_used_delta_beta_any": false,
    "measured_delta_beta2_sum": 4,
    "raw_normal_flux_signed_ratio": 0.028750363117878507,
    "raw_normal_flux_abs_ratio": 0.5068031547010335,
    "raw_kappa_orientation_ratio": 0.05672885587064233,
    "raw_birth_normal_flux_signed_ratio": 0.028750363117878507,
    "raw_birth_normal_flux_abs_ratio": 0.5068031547010335,
    "raw_kappa_birth_orientation_ratio": 0.05672885587064233,
    "raw_H_normal_flux_signed_ratio": -1.1847244949241e-05,
    "raw_H_normal_flux_abs_ratio": 0.0027077538544043175,
    "raw_H_kappa_orientation_ratio": 0.004375303510544532,
    "raw_H_birth_normal_flux_signed_ratio": -1.1847244949241e-05,
    "raw_H_birth_normal_flux_abs_ratio": 0.0027077538544043175,
    "raw_H_kappa_birth_orientation_ratio": 0.004375303510544532,
    "pair_raw_normal_flux_signed_ratio": -0.3222435006778657,
    "pair_raw_normal_flux_abs_ratio": 0.5012884184250815,
    "pair_raw_kappa_orientation_ratio": 0.6428305319513038,
    "pair_raw_birth_normal_flux_signed_ratio": -0.3222435006778657,
    "pair_raw_birth_normal_flux_abs_ratio": 0.5012884184250815,
    "pair_raw_kappa_birth_orientation_ratio": 0.6428305319513038,
    "pair_normal_flux_signed_ratio": 0.016793938987822818,
    "pair_normal_flux_abs_ratio": 0.3705536080332239,
    "pair_kappa_orientation_ratio": 0.04532121297351327,
    "pair_birth_normal_flux_signed_ratio": 0.016793938987822818,
    "pair_birth_normal_flux_abs_ratio": 0.3705536080332239,
    "pair_kappa_birth_orientation_ratio": 0.04532121297351327
  },
  "signed_quadrature_metrics": {
    "beta0": 1,
    "beta1": 0,
    "beta2": 4,
    "beta3": 0,
    "harmonic_dim_real": 4,
    "applied_pair_count": 4,
    "decision_used_delta_beta_any": false,
    "measured_delta_beta2_sum": 4,
    "mean_transport_cosine_ka_kb_reversed": -0.051712334258130835,
    "mean_Q_P_cosine": 0.4785680382385289,
    "mean_P_over_Q_norm_ratio": 1.0110270273967727,
    "abs_area_total": 3.1908573146341235,
    "abs_area_mean_ratio": 0.7211575193193116,
    "signed_birth_area_sum": -1.9735013680240858,
    "signed_outward_area_sum": -1.9735013680240858,
    "signed_pair_axis_area_sum": 0.998816044868786,
    "signed_birth_over_abs_sum_ratio": -0.6184862478721512,
    "signed_outward_over_abs_sum_ratio": -0.6184862478721512,
    "signed_pair_axis_over_abs_sum_ratio": 0.3130243525110433,
    "mean_signed_birth_over_abs": -0.33238335695050303,
    "mean_signed_outward_over_abs": -0.33238335695050303,
    "mean_signed_pair_axis_over_abs": 0.0709121473044198,
    "mean_abs_signed_birth_over_abs": 0.5050865439734296,
    "mean_abs_signed_outward_over_abs": 0.5050865439734296,
    "mean_abs_signed_pair_axis_over_abs": 0.4009272972547139,
    "scalar_abs_area_harmonic_ratio": 0.2596458616991601,
    "scalar_signed_birth_harmonic_ratio": 0.2547231281493011,
    "scalar_signed_outward_harmonic_ratio": 0.2547231281493011,
    "scalar_signed_birth_total_norm": 2.3946953777127824,
    "scalar_signed_outward_total_norm": 2.3946953777127824,
    "Q_even_total_norm": 3.064186073219171,
    "Q_even_harmonic_norm": 1.0403948036950037,
    "Q_even_harmonic_ratio": 0.33953382034715884,
    "Q_even_raw_orientation_coherence": 0.1214786112330818,
    "Q_even_raw_axis_coherence": 0.43178343217106646,
    "Q_even_raw_support_count": 8,
    "Q_even_H_orientation_coherence": 0.09892863620175033,
    "Q_even_H_axis_coherence": 0.6557844757453104,
    "Q_even_H_support_count": 55,
    "Q_even_raw_normal_flux_signed_ratio": -0.3222435006778657,
    "Q_even_raw_normal_flux_abs_ratio": 0.5012884184250815,
    "Q_even_raw_kappa_orientation_ratio": 0.6428305319513038,
    "Q_even_raw_birth_normal_flux_signed_ratio": -0.3222435006778657,
    "Q_even_raw_birth_normal_flux_abs_ratio": 0.5012884184250815,
    "Q_even_raw_kappa_birth_orientation_ratio": 0.6428305319513038,
    "Q_even_H_normal_flux_signed_ratio": 0.016793938987822818,
    "Q_even_H_normal_flux_abs_ratio": 0.3705536080332239,
    "Q_even_H_kappa_orientation_ratio": 0.04532121297351327,
    "Q_even_H_birth_normal_flux_signed_ratio": 0.016793938987822818,
    "Q_even_H_birth_normal_flux_abs_ratio": 0.3705536080332239,
    "Q_even_H_kappa_birth_orientation_ratio": 0.04532121297351327,
    "P_odd_total_norm": 3.0925122252792074,
    "P_odd_harmonic_norm": 0.880342267863496,
    "P_odd_harmonic_ratio": 0.28466896934699415,
    "P_odd_raw_orientation_coherence": 0.15473096104959558,
    "P_odd_raw_axis_coherence": 0.5135525865099246,
    "P_odd_raw_support_count": 8,
    "P_odd_H_orientation_coherence": 0.08140491837701629,
    "P_odd_H_axis_coherence": 0.636337706012158,
    "P_odd_H_support_count": 55,
    "P_odd_raw_normal_flux_signed_ratio": -0.006829038790567128,
    "P_odd_raw_normal_flux_abs_ratio": 0.596352532261596,