P_odd_norm,QP_comm_norm,Q_even_norm,birth_orders,birth_times,face
0.8026440557759306,0.31954087572802753,0.8149808475570827,"[0, 1, 3]","[0, 1, 3]","[0, 1, 3]"
0.8026440557756124,0.31954087572791445,0.8149808475567757,"[2, 1, 2]","[2, 4, 5]","[2, 4, 5]"
0.39609056929799463,0.10539669846880446,0.5297969432605171,"[1, 2, 3]","[4, 5, 6]","[4, 5, 6]"
0.3960905692979576,0.10539669846880291,0.5297969432604698,"[0, 1, 2]","[0, 1, 2]","[0, 1, 2]"
