A_invariant,A_rank_score,JP_to_minusQ_resid,JQ_to_P_resid,P_odd_norm,P_odd_pair_conjugation_resid,P_over_Q_norm_ratio,Q_even_norm,Q_even_pair_conjugation_resid,block_exchange_comm_grade_signed,cascade_index,comm_abs_area,comm_signed_birth,comm_signed_birth_over_abs,comm_signed_outward,comm_signed_outward_over_abs,decision_used_delta_beta,directed_imbalance,event_t,face_a,face_b,ka_norm,kb_reversed_norm,local_CJC_plus_J_resid,local_C_square_minus_I_resid,local_J_orthogonality_resid,local_J_square_minus_neg_I_resid,measured_delta_beta1,measured_delta_beta2,move_class,pair_index,transport_cosine_ka_kb_reversed,transverse_complementarity
4.420385723163341,19.526547363494412,0.9663181370372443,0.9663181370372318,0.39609056929799463,9.854563353209563e-14,0.7476271321227261,0.5297969432605171,9.620828822675419e-14,0.999999999999603,1,0.10539669846880446,-0.025196802658804262,-0.23906633722519302,-0.025196802658804262,-0.23906633722519302,False,0.3811503034968431,6,"[4, 5, 6]","[0, 1, 2]",0.44735094812115345,0.1366140523614009,1.6948585881677002e-13,1.6948940486162536e-13,1.6948940486162536e-13,1.6948940486162536e-13,0,1,handle_candidate,0,0.5064150578052397,0.41941405673564996
3.8999805909940104,19.129510723883353,0.9676199373087392,0.9676199373087371,0.8026440557756124,4.0323904635222545e-13,0.9848624764383942,0.8149808475567757,3.9295615883634177e-13,0.9999999999998725,2,0.31954087572791445,0.0897569253825425,0.2808934073858164,0.0897569253825425,0.2808934073858164,False,0.42938292169118075,6,"[2, 4, 5]","[0, 1, 3]",0.7826230537759429,0.20424687703012737,6.696568038423916e-13,6.696304854752727e-13,6.696304854752727e-13,6.696304854752727e-13,0,1,handle_candidate,1,0.03121131064012711,0.31593600984829
