{
  "variant": "real_growth",
  "variant_phase": "real_growth_phaseminus1",
  "phase_sign": -1,
  "max_level": 2,
  "source": "live",
  "antisym_eta": 1.0,
  "erase_phase_for_strict_sym": true,
  "baseline_metrics_legacy_core": {
    "vertices": 13,
    "edges": 33,
    "faces": 31,
    "tets": 10,
    "euler": 1,
    "beta0": 1,
    "beta1": 0,
    "beta2": 0,
    "beta3": 0,
    "boundary_faces": 22,
    "saturated_faces": 9,
    "overfull_faces": 0,
    "boundary_fraction": 0.7096774193548159,
    "saturated_fraction": 0.29032258064515193,
    "manifold_face_fraction": 0.9999999999999678,
    "edge_link_cycle_count": 0,
    "edge_link_candidate_count": 17,
    "edge_link_cycle_fraction": 0.0,
    "edge_link_noncircle_cycle_count": 0,
    "K_mean": 0.8073735822465625,
    "K_p95": 1.8499405472778678,
    "closed_ratio": 0.4594816320937747,
    "exact_residual_ratio": 0.2571057228705153,
    "harmonic_ratio": 0.0
  },
  "auto_metrics_legacy_core": {
    "vertices": 13,
    "edges": 38,
    "faces": 44,
    "tets": 16,
    "euler": 3,
    "beta0": 1,
    "beta1": 0,
    "beta2": 2,
    "beta3": 0,
    "boundary_faces": 24,
    "saturated_faces": 20,
    "overfull_faces": 0,
    "boundary_fraction": 0.545454545454533,
    "saturated_fraction": 0.4545454545454442,
    "manifold_face_fraction": 0.9999999999999772,
    "edge_link_cycle_count": 4,
    "edge_link_candidate_count": 27,
    "edge_link_cycle_fraction": 0.14814814814814267,
    "edge_link_noncircle_cycle_count": 0,
    "K_mean": 0.7146784788084811,
    "K_p95": 1.5429561887612795,
    "closed_ratio": 0.5210793707852407,
    "exact_residual_ratio": 0.2750951577609177,
    "harmonic_ratio": 0.12161711213082593
  },
  "adjoint_pairing_metrics": {
    "beta0": 1,
    "beta1": 0,
    "beta2": 2,
    "beta3": 0,
    "harmonic_dim_real": 2,
    "applied_pair_count": 2,
    "decision_used_delta_beta_any": false,
    "measured_delta_beta2_sum": 2,
    "mean_transport_cosine_ka_kb_reversed": 0.2688131842226834,
    "mean_P_over_Q_norm_ratio": 0.8662448042805602,
    "mean_local_J_square_resid": 4.1955994516844905e-13,
    "mean_local_C_square_resid": 4.1955994516844905e-13,
    "mean_local_CJC_plus_J_resid": 4.1957133132958085e-13,
    "mean_local_J_orthogonality_resid": 4.1955994516844905e-13,
    "mean_Q_even_pair_conjugation_resid": 2.44582223531548e-13,
    "mean_P_odd_pair_conjugation_resid": 2.5089233994216053e-13,
    "mean_JQ_to_P_resid": 0.9669690371729844,
    "mean_JP_to_minusQ_resid": 0.9669690371729918,
    "comm_abs_total": 0.4249375741967189,
    "comm_signed_birth_over_abs_sum_ratio": 0.15192848701512826,
    "comm_signed_outward_over_abs_sum_ratio": 0.15192848701512826,
    "mean_abs_comm_signed_birth_over_abs": 0.25997987230550473,
    "mean_abs_comm_signed_outward_over_abs": 0.25997987230550473,
    "mean_block_exchange_comm_grade_signed": 0.9999999999997378,
    "mean_abs_block_exchange_comm_grade_signed": 0.9999999999997378,
    "Q_even_total_norm": 1.374684387757985,
    "Q_even_harmonic_norm": 0.28325331704255,
    "Q_even_harmonic_ratio": 0.20604970825653332,
    "Q_even_raw_orientation_coherence": 0.3287179248960239,
    "Q_even_raw_axis_coherence": 0.622831808042559,
    "Q_even_raw_support_count": 4,
    "Q_even_H_orientation_coherence": 0.05375091691139585,
    "Q_even_H_axis_coherence": 0.6871684514507093,
    "Q_even_H_support_count": 44,
    "Q_even_raw_normal_flux_signed_ratio": 0.3769763704067175,
    "Q_even_raw_normal_flux_abs_ratio": 0.7931390675890978,
    "Q_even_raw_kappa_orientation_ratio": 0.47529668605549347,
    "Q_even_raw_birth_normal_flux_signed_ratio": 0.3769763704067175,
    "Q_even_raw_birth_normal_flux_abs_ratio": 0.7931390675890978,
    "Q_even_raw_kappa_birth_orientation_ratio": 0.47529668605549347,
    "Q_even_H_normal_flux_signed_ratio": 0.004866155046157269,
    "Q_even_H_normal_flux_abs_ratio": 0.4810097674914172,
    "Q_even_H_kappa_orientation_ratio": 0.010116541024780708,
    "Q_even_H_birth_normal_flux_signed_ratio": 0.004866155046157269,
    "Q_even_H_birth_normal_flux_abs_ratio": 0.4810097674914172,
    "Q_even_H_kappa_birth_orientation_ratio": 0.010116541024780708,
    "P_odd_total_norm": 1.2658003154992297,
    "P_odd_harmonic_norm": 0.26285787174848735,
    "P_odd_harmonic_ratio": 0.20766140482798737,
    "P_odd_raw_orientation_coherence": 0.7541027900773314,
    "P_odd_raw_axis_coherence": 0.6686043791487752,
    "P_odd_raw_support_count": 4,
    "P_odd_H_orientation_coherence": 0.03172080759752274,
    "P_odd_H_axis_coherence": 0.8851457160272466,
    "P_odd_H_support_count": 44,
    "P_odd_raw_normal_flux_signed_ratio": 0.07883879140402542,
    "P_odd_raw_normal_flux_abs_ratio": 0.9457703378237465,
    "P_odd_raw_kappa_orientation_ratio": 0.08335934026579128,
    "P_odd_raw_birth_normal_flux_signed_ratio": 0.07883879140402542,
    "P_odd_raw_birth_normal_flux_abs_ratio": 0.9457703378237465,
    "P_odd_raw_kappa_birth_orientation_ratio": 0.08335934026579128,
    "P_odd_H_normal_flux_signed_ratio": 0.012153817093749446,
    "P_odd_H_normal_flux_abs_ratio": 0.5651231203932225,
    "P_odd_H_kappa_orientation_ratio": 0.0215064941693964,
    "P_odd_H_birth_normal_flux_signed_ratio": 0.012153817093749446,
    "P_odd_H_birth_normal_flux_abs_ratio": 0.5651231203932225,
    "P_odd_H_kappa_birth_orientation_ratio": 0.0215064941693964,
    "QP_comm_total_norm": 0.4758462678410381,
    "QP_comm_harmonic_norm": 0.12022539566048505,
    "QP_comm_harmonic_ratio": 0.2526559600975899,
    "QP_comm_raw_orientation_coherence": 0.09225052900211461,
    "QP_comm_raw_axis_coherence": 0.842863350271172,
    "QP_comm_raw_support_count": 4,
    "QP_comm_H_orientation_coherence": 0.07491729590956238,
    "QP_comm_H_axis_coherence": 0.8500772347481023,
    "QP_comm_H_support_count": 44,
    "QP_comm_raw_normal_flux_signed_ratio": 0.17716528998048636,
    "QP_comm_raw_normal_flux_abs_ratio": 0.2725492167265782,
    "QP_comm_raw_kappa_orientation_ratio": 0.6500304499409691,
    "QP_comm_raw_birth_normal_flux_signed_ratio": 0.17716528998048636,
    "QP_comm_raw_birth_normal_flux_abs_ratio": 0.2725492167265782,
    "QP_comm_raw_kappa_birth_orientation_ratio": 0.6500304499409691,
    "QP_comm_H_normal_flux_signed_ratio": 0.008766030469030198,
    "QP_comm_H_normal_flux_abs_ratio": 0.5413031077480469,
    "QP_comm_H_kappa_orientation_ratio": 0.016194310255270527,
    "QP_comm_H_birth_normal_flux_signed_ratio": 0.008766030469030198,
    "QP_comm_H_birth_normal_flux_abs_ratio": 0.5413031077480469,
    "QP_comm_H_kappa_birth_orientation_ratio": 0.016194310255270527
  },
  "automatic_pairings_applied": 2,
  "automatic_pairing_attempts_logged": 2,
  "births_with_cascade_logs": 1,
  "interpretation_flags": {
    "beta2_opened": true,
    "Q_even_harmonic_positive": true,
    "P_odd_harmonic_positive": true,
    "local_pair_J_square_minus_I_positive": true,
    "local_pair_C_square_positive": true,
    "local_pair_C_anticommutes_with_J": true,
    "actual_QP_locked_by_local_J": false,
    "comm_signed_birth_nontrivial": true,
    "decision_used_delta_beta_any": false
  }
}