A_invariant,A_rank_score,JP_to_minusQ_resid,JQ_to_P_resid,P_odd_norm,P_odd_pair_conjugation_resid,P_over_Q_norm_ratio,Q_even_norm,Q_even_pair_conjugation_resid,block_exchange_comm_grade_signed,cascade_index,comm_abs_area,comm_signed_birth,comm_signed_birth_over_abs,comm_signed_outward,comm_signed_outward_over_abs,decision_used_delta_beta,directed_imbalance,event_t,face_a,face_b,ka_norm,kb_reversed_norm,local_CJC_plus_J_resid,local_C_square_minus_I_resid,local_J_orthogonality_resid,local_J_square_minus_neg_I_resid,measured_delta_beta1,measured_delta_beta2,move_class,pair_index,transport_cosine_ka_kb_reversed,transverse_complementarity
5.7033487085197585,23.548975715173086,0.9838960086939234,0.9838960086939078,0.3418867678799431,9.720844351375625e-14,0.7189895383278903,0.475510073031562,9.807136190344041e-14,0.9999999999994874,1,0.05793386614569118,-0.018631946312495352,-0.321607162645048,-0.018631946312495352,-0.321607162645048,False,0.5902665693185405,6,"[4, 5, 6]","[0, 1, 2]",0.4021167446462889,0.09899656296058507,1.6948585881677002e-13,1.6948940486162536e-13,1.6948940486162536e-13,1.6948940486162536e-13,0,1,handle_candidate,0,0.6859348976363246,0.41941405673564996
5.142202449751199,22.82665234876046,0.980025000233367,0.9800250002333816,0.6627150842697741,4.051616180552285e-13,0.919146096901412,0.7210116939004291,4.001375562012019e-13,0.9999999999998257,2,0.1864167405501066,0.046742927945021454,0.2507442615230512,0.046742927945021454,0.2507442615230512,False,0.60423140775587,6,"[2, 4, 5]","[0, 1, 3]",0.6780434180497926,0.14064741757061885,6.696568038423916e-13,6.696304854752727e-13,6.696304854752727e-13,6.696304854752727e-13,0,1,handle_candidate,1,0.21146786731177558,0.31593600984829
