{
  "variant": "no_backreaction",
  "variant_phase": "no_backreaction_phaseminus1",
  "phase_sign": -1,
  "max_level": 2,
  "source": "live",
  "antisym_eta": 1.0,
  "erase_phase_for_strict_sym": true,
  "baseline_metrics_legacy_core": {
    "vertices": 13,
    "edges": 33,
    "faces": 31,
    "tets": 10,
    "euler": 1,
    "beta0": 1,
    "beta1": 0,
    "beta2": 0,
    "beta3": 0,
    "boundary_faces": 22,
    "saturated_faces": 9,
    "overfull_faces": 0,
    "boundary_fraction": 0.7096774193548159,
    "saturated_fraction": 0.29032258064515193,
    "manifold_face_fraction": 0.9999999999999678,
    "edge_link_cycle_count": 0,
    "edge_link_candidate_count": 17,
    "edge_link_cycle_fraction": 0.0,
    "edge_link_noncircle_cycle_count": 0,
    "K_mean": 0.6243169724281119,
    "K_p95": 1.3870186003895344,
    "closed_ratio": 0.5081210545386275,
    "exact_residual_ratio": 0.2737836843813679,
    "harmonic_ratio": 0.0
  },
  "auto_metrics_legacy_core": {
    "vertices": 13,
    "edges": 38,
    "faces": 44,
    "tets": 16,
    "euler": 3,
    "beta0": 1,
    "beta1": 0,
    "beta2": 2,
    "beta3": 0,
    "boundary_faces": 24,
    "saturated_faces": 20,
    "overfull_faces": 0,
    "boundary_fraction": 0.545454545454533,
    "saturated_fraction": 0.4545454545454442,
    "manifold_face_fraction": 0.9999999999999772,
    "edge_link_cycle_count": 4,
    "edge_link_candidate_count": 27,
    "edge_link_cycle_fraction": 0.14814814814814267,
    "edge_link_noncircle_cycle_count": 0,
    "K_mean": 0.5412193744434357,
    "K_p95": 1.1195013348643104,
    "closed_ratio": 0.5211607215454973,
    "exact_residual_ratio": 0.27778399954302363,
    "harmonic_ratio": 0.1289340693873014
  },
  "adjoint_pairing_metrics": {
    "beta0": 1,
    "beta1": 0,
    "beta2": 2,
    "beta3": 0,
    "harmonic_dim_real": 2,
    "applied_pair_count": 2,
    "decision_used_delta_beta_any": false,
    "measured_delta_beta2_sum": 2,
    "mean_transport_cosine_ka_kb_reversed": 0.4487013824740501,
    "mean_P_over_Q_norm_ratio": 0.8190678176146511,
    "mean_local_J_square_resid": 4.1955994516844905e-13,
    "mean_local_C_square_resid": 4.1955994516844905e-13,
    "mean_local_CJC_plus_J_resid": 4.1957133132958085e-13,
    "mean_local_J_orthogonality_resid": 4.1955994516844905e-13,
    "mean_Q_even_pair_conjugation_resid": 2.4910445905232117e-13,
    "mean_P_odd_pair_conjugation_resid": 2.5118503078449237e-13,
    "mean_JQ_to_P_resid": 0.9819605044636447,
    "mean_JP_to_minusQ_resid": 0.9819605044636452,
    "comm_abs_total": 0.24435060669579778,
    "comm_signed_birth_over_abs_sum_ratio": 0.11504363345988163,
    "comm_signed_outward_over_abs_sum_ratio": 0.11504363345988163,
    "mean_abs_comm_signed_birth_over_abs": 0.28617571208404957,
    "mean_abs_comm_signed_outward_over_abs": 0.28617571208404957,
    "mean_block_exchange_comm_grade_signed": 0.9999999999996565,
    "mean_abs_block_exchange_comm_grade_signed": 0.9999999999996565,
    "Q_even_total_norm": 1.2214480687248472,
    "Q_even_harmonic_norm": 0.24911640721074274,
    "Q_even_harmonic_ratio": 0.20395169765228607,
    "Q_even_raw_orientation_coherence": 0.32050249436442685,
    "Q_even_raw_axis_coherence": 0.6253674790453705,
    "Q_even_raw_support_count": 4,
    "Q_even_H_orientation_coherence": 0.05372168063671463,
    "Q_even_H_axis_coherence": 0.6931099478308027,
    "Q_even_H_support_count": 44,
    "Q_even_raw_normal_flux_signed_ratio": 0.39427782277032125,
    "Q_even_raw_normal_flux_abs_ratio": 0.8292174713618595,
    "Q_even_raw_kappa_orientation_ratio": 0.4754818083153824,
    "Q_even_raw_birth_normal_flux_signed_ratio": 0.39427782277032125,
    "Q_even_raw_birth_normal_flux_abs_ratio": 0.8292174713618595,
    "Q_even_raw_kappa_birth_orientation_ratio": 0.4754818083153824,
    "Q_even_H_normal_flux_signed_ratio": 0.00415313398890101,
    "Q_even_H_normal_flux_abs_ratio": 0.5137246555429578,
    "Q_even_H_kappa_orientation_ratio": 0.008084357922248176,
    "Q_even_H_birth_normal_flux_signed_ratio": 0.00415313398890101,
    "Q_even_H_birth_normal_flux_abs_ratio": 0.5137246555429578,
    "Q_even_H_kappa_birth_orientation_ratio": 0.008084357922248176,
    "P_odd_total_norm": 1.054587924234156,
    "P_odd_harmonic_norm": 0.2167231305135055,
    "P_odd_harmonic_ratio": 0.20550503711739804,
    "P_odd_raw_orientation_coherence": 0.7355977759096511,
    "P_odd_raw_axis_coherence": 0.6616677967928958,
    "P_odd_raw_support_count": 4,
    "P_odd_H_orientation_coherence": 0.033837946723067565,
    "P_odd_H_axis_coherence": 0.8754874286136831,
    "P_odd_H_support_count": 44,
    "P_odd_raw_normal_flux_signed_ratio": 0.07743656603649961,
    "P_odd_raw_normal_flux_abs_ratio": 0.9344868831571463,
    "P_odd_raw_kappa_orientation_ratio": 0.0828653322289541,
    "P_odd_raw_birth_normal_flux_signed_ratio": 0.07743656603649961,
    "P_odd_raw_birth_normal_flux_abs_ratio": 0.9344868831571463,
    "P_odd_raw_kappa_birth_orientation_ratio": 0.0828653322289541,
    "P_odd_H_normal_flux_signed_ratio": 0.012645156292539808,
    "P_odd_H_normal_flux_abs_ratio": 0.5667034481282776,
    "P_odd_H_kappa_orientation_ratio": 0.022313533355553482,
    "P_odd_H_birth_normal_flux_signed_ratio": 0.012645156292539808,
    "P_odd_H_birth_normal_flux_abs_ratio": 0.5667034481282776,
    "P_odd_H_kappa_birth_orientation_ratio": 0.022313533355553482,
    "QP_comm_total_norm": 0.27607076630431265,
    "QP_comm_harmonic_norm": 0.0695766008872364,
    "QP_comm_harmonic_ratio": 0.252024514650313,
    "QP_comm_raw_orientation_coherence": 0.10343398639782775,
    "QP_comm_raw_axis_coherence": 0.8595143047516234,
    "QP_comm_raw_support_count": 4,
    "QP_comm_H_orientation_coherence": 0.07218958248060836,
    "QP_comm_H_axis_coherence": 0.8381740190420841,
    "QP_comm_H_support_count": 44,
    "QP_comm_raw_normal_flux_signed_ratio": 0.1419082507438236,
    "QP_comm_raw_normal_flux_abs_ratio": 0.26421926157556197,
    "QP_comm_raw_kappa_orientation_ratio": 0.5370851840894397,
    "QP_comm_raw_birth_normal_flux_signed_ratio": 0.1419082507438236,
    "QP_comm_raw_birth_normal_flux_abs_ratio": 0.26421926157556197,
    "QP_comm_raw_kappa_birth_orientation_ratio": 0.5370851840894397,
    "QP_comm_H_normal_flux_signed_ratio": 0.013153845234069506,
    "QP_comm_H_normal_flux_abs_ratio": 0.5453750588238501,
    "QP_comm_H_kappa_orientation_ratio": 0.02411889766725458,
    "QP_comm_H_birth_normal_flux_signed_ratio": 0.013153845234069506,
    "QP_comm_H_birth_normal_flux_abs_ratio": 0.5453750588238501,
    "QP_comm_H_kappa_birth_orientation_ratio": 0.02411889766725458
  },
  "automatic_pairings_applied": 2,
  "automatic_pairing_attempts_logged": 2,
  "births_with_cascade_logs": 1,
  "interpretation_flags": {
    "beta2_opened": true,
    "Q_even_harmonic_positive": true,
    "P_odd_harmonic_positive": true,
    "local_pair_J_square_minus_I_positive": true,
    "local_pair_C_square_positive": true,
    "local_pair_C_anticommutes_with_J": true,
    "actual_QP_locked_by_local_J": false,
    "comm_signed_birth_nontrivial": false,
    "decision_used_delta_beta_any": false
  }
}