C_lock_count,QP_count,beta2_count,bin,bin_type,count,kappa_flip_count,median_C_lock,median_beta_delta_min,median_directed_imbalance,median_flip_abs,median_transverse_complementarity,variant
3,21,7,excellent<=0.2,flip_bin,21,21,0.4681646059723449,0.0,0.1573858437223629,0.1014650642067063,0.4683738995670554,real_growth
2,12,1,good<=0.4,flip_bin,12,2,0.5307105127657947,0.0,0.1601744330561272,0.29534990329097305,0.3204745551756131,real_growth
1,24,8,weak<=0.7,flip_bin,25,0,0.844704018236015,0.0,0.1217683738774345,0.6189544321074233,0.2961812844572379,real_growth
13,138,72,bad>0.7,flip_bin,148,0,0.6199550960990661,0.0,0.1968491415107755,0.999999999998735,0.3417300614853196,real_growth
19,14,10,excellent<=0.2,C_bin,19,3,0.1821204140905839,1.0,0.0839068738958173,0.9999999999988798,0.348343497184935,real_growth
0,38,19,good<=0.4,C_bin,39,9,0.2719752654958215,0.0,0.0696460764089455,0.9999999999983656,0.3434960465837576,real_growth
0,63,28,weak<=0.7,C_bin,64,7,0.5671924774837644,0.0,0.3536850165518627,0.9999999999970348,0.3555702898100356,real_growth
0,80,31,bad>0.7,C_bin,84,4,0.8417525175574327,0.0,0.1391242147256595,0.9999999999982764,0.3361209044330948,real_growth
