{
  "variant": "no_backreaction",
  "option": "A_to_B_rescan_strong_reuseB",
  "assembly_order": "A_to_B_rescan",
  "require_connected_assembly": true,
  "require_strong_assembly_context": true,
  "allow_B_reuse_A_faces": true,
  "baseline_metrics": {
    "vertices": 13,
    "edges": 33,
    "faces": 31,
    "tets": 10,
    "euler": 1,
    "beta0": 1,
    "beta1": 0,
    "beta2": 0,
    "beta3": 0,
    "boundary_faces": 22,
    "saturated_faces": 9,
    "overfull_faces": 0,
    "boundary_fraction": 0.7096774193548159,
    "saturated_fraction": 0.29032258064515193,
    "manifold_face_fraction": 0.9999999999999678,
    "edge_link_cycle_count": 0,
    "edge_link_candidate_count": 17,
    "edge_link_cycle_fraction": 0.0,
    "edge_link_noncircle_cycle_count": 0,
    "K_mean": 0.6243169724281119,
    "K_p95": 1.3870186003895344,
    "closed_ratio": 0.5081210545386275,
    "exact_residual_ratio": 0.2737836843813679,
    "harmonic_ratio": 0.0
  },
  "auto_metrics": {
    "vertices": 13,
    "edges": 43,
    "faces": 59,
    "tets": 22,
    "euler": 7,
    "beta0": 1,
    "beta1": 0,
    "beta2": 6,
    "beta3": 0,
    "boundary_faces": 30,
    "saturated_faces": 29,
    "overfull_faces": 0,
    "boundary_fraction": 0.5084745762711778,
    "saturated_fraction": 0.4915254237288052,
    "manifold_face_fraction": 0.999999999999983,
    "edge_link_cycle_count": 3,
    "edge_link_candidate_count": 34,
    "edge_link_cycle_fraction": 0.08823529411764446,
    "edge_link_noncircle_cycle_count": 0,
    "K_mean": 0.5874863778324423,
    "K_p95": 1.3885053838654853,
    "closed_ratio": 0.3895237275030397,
    "exact_residual_ratio": 0.2788829077676197,
    "harmonic_ratio": 0.2120970430160714
  },
  "directed_metrics": {
    "beta0": 1,
    "beta1": 0,
    "beta2": 6,
    "beta3": 0,
    "harmonic_dim_real": 6,
    "applied_pair_count": 4,
    "raw_K_total_norm": 4.2594302866051335,
    "raw_K_harmonic_norm": 1.5921888941361397e-15,
    "raw_K_harmonic_ratio": 3.738032523135337e-16,
    "raw_local_orientation_coherence": 0.19670778781106155,
    "raw_local_axis_coherence": 0.4989766176891504,
    "raw_support_count": 59,
    "raw_H_orientation_coherence": 0.0,
    "raw_H_axis_coherence": 0.0,
    "raw_H_support_count": 0,
    "raw_3face_coherence": 0.5499985643256842,
    "shared_edge_3face_phase_defect": 0.4500014356743158,
    "raw_3face_count": 356,
    "pair_transport_total_norm": 1.7262933235125952,
    "pair_transport_harmonic_norm": 0.5223134146658536,
    "pair_transport_harmonic_ratio": 0.30256353746579273,
    "pair_scalar_total_norm": 1.7262933235129965,
    "pair_scalar_harmonic_norm": 0.45723145178098346,
    "pair_scalar_harmonic_ratio": 0.2648631293146957,
    "pair_raw_orientation_coherence": 0.16500550805330327,
    "pair_raw_axis_coherence": 0.5698236888371334,
    "pair_raw_support_count": 8,
    "pair_orientation_coherence": 0.04764130641473595,
    "pair_axis_coherence": 0.6241648738781576,
    "pair_H_support_count": 59,
    "pair_3face_coherence": 0.0,
    "pair_shared_edge_3face_phase_defect": 0.0,
    "pair_3face_count": 0,
    "mean_pair_transport_cosine": -0.10362483242198409,
    "interfan_phase_transport_residual": 0.5699652940060148,
    "decision_used_delta_beta_any": false,
    "measured_delta_beta2_sum": 6,
    "raw_normal_flux_signed_ratio": -0.18594721660652722,
    "raw_normal_flux_abs_ratio": 0.5284014249327528,
    "raw_kappa_orientation_ratio": 0.35190521416523424,
    "raw_birth_normal_flux_signed_ratio": -0.18594721660652722,
    "raw_birth_normal_flux_abs_ratio": 0.5284014249327528,
    "raw_kappa_birth_orientation_ratio": 0.35190521416523424,
    "raw_H_normal_flux_signed_ratio": -0.0007891575253214903,
    "raw_H_normal_flux_abs_ratio": 0.0024240220821379896,
    "raw_H_kappa_orientation_ratio": 0.32555706930685036,
    "raw_H_birth_normal_flux_signed_ratio": -0.0007891575253214903,
    "raw_H_birth_normal_flux_abs_ratio": 0.0024240220821379896,
    "raw_H_kappa_birth_orientation_ratio": 0.32555706930685036,
    "pair_raw_normal_flux_signed_ratio": -0.09493480793544973,
    "pair_raw_normal_flux_abs_ratio": 0.5220047990665475,
    "pair_raw_kappa_orientation_ratio": 0.18186577614809465,
    "pair_raw_birth_normal_flux_signed_ratio": -0.09493480793544973,
    "pair_raw_birth_normal_flux_abs_ratio": 0.5220047990665475,
    "pair_raw_kappa_birth_orientation_ratio": 0.18186577614809465,
    "pair_normal_flux_signed_ratio": 0.048325821626788064,
    "pair_normal_flux_abs_ratio": 0.4486513302482446,
    "pair_kappa_orientation_ratio": 0.1077135369239651,
    "pair_birth_normal_flux_signed_ratio": 0.048325821626788064,
    "pair_birth_normal_flux_abs_ratio": 0.4486513302482446,
    "pair_kappa_birth_orientation_ratio": 0.1077135369239651
  },
  "signed_quadrature_metrics": {
    "beta0": 1,
    "beta1": 0,
    "beta2": 6,
    "beta3": 0,
    "harmonic_dim_real": 6,
    "applied_pair_count": 4,
    "decision_used_delta_beta_any": false,
    "measured_delta_beta2_sum": 6,
    "mean_transport_cosine_ka_kb_reversed": -0.10362483242198409,
    "mean_Q_P_cosine": 0.5436120380331035,
    "mean_P_over_Q_norm_ratio": 1.5426820073402276,
    "abs_area_total": 0.48751691996636304,
    "abs_area_mean_ratio": 0.41043559795402107,
    "signed_birth_area_sum": 0.034332145443124046,
    "signed_outward_area_sum": 0.034332145443124046,
    "signed_pair_axis_area_sum": 0.18338086294769695,
    "signed_birth_over_abs_sum_ratio": 0.07042246953279575,
    "signed_outward_over_abs_sum_ratio": 0.07042246953279575,
    "signed_pair_axis_over_abs_sum_ratio": 0.3761528173421621,
    "mean_signed_birth_over_abs": 0.43757552036247394,
    "mean_signed_outward_over_abs": 0.43757552036247394,
    "mean_signed_pair_axis_over_abs": 0.141412838801793,
    "mean_abs_signed_birth_over_abs": 0.5737564519415491,
    "mean_abs_signed_outward_over_abs": 0.5737564519415491,
    "mean_abs_signed_pair_axis_over_abs": 0.2789019755912775,
    "scalar_abs_area_harmonic_ratio": 0.2580882045470605,
    "scalar_signed_birth_harmonic_ratio": 0.24448263773045556,
    "scalar_signed_outward_harmonic_ratio": 0.24448263773045556,
    "scalar_signed_birth_total_norm": 0.1650563070081659,
    "scalar_signed_outward_total_norm": 0.1650563070081659,
    "Q_even_total_norm": 1.7262933235125952,
    "Q_even_harmonic_norm": 0.5223134146658536,
    "Q_even_harmonic_ratio": 0.30256353746579273,
    "Q_even_raw_orientation_coherence": 0.16500550805330327,
    "Q_even_raw_axis_coherence": 0.5698236888371334,
    "Q_even_raw_support_count": 8,
    "Q_even_H_orientation_coherence": 0.04764130641473595,
    "Q_even_H_axis_coherence": 0.6241648738781576,
    "Q_even_H_support_count": 59,
    "Q_even_raw_normal_flux_signed_ratio": -0.09493480793544973,
    "Q_even_raw_normal_flux_abs_ratio": 0.5220047990665475,
    "Q_even_raw_kappa_orientation_ratio": 0.18186577614809465,
    "Q_even_raw_birth_normal_flux_signed_ratio": -0.09493480793544973,
    "Q_even_raw_birth_normal_flux_abs_ratio": 0.5220047990665475,
    "Q_even_raw_kappa_birth_orientation_ratio": 0.18186577614809465,
    "Q_even_H_normal_flux_signed_ratio": 0.048325821626788064,
    "Q_even_H_normal_flux_abs_ratio": 0.4486513302482446,
    "Q_even_H_kappa_orientation_ratio": 0.1077135369239651,
    "Q_even_H_birth_normal_flux_signed_ratio": 0.048325821626788064,
    "Q_even_H_birth_normal_flux_abs_ratio": 0.4486513302482446,
    "Q_even_H_kappa_birth_orientation_ratio": 0.1077135369239651,
    "P_odd_total_norm": 1.7980269604597021,
    "P_odd_harmonic_norm": 0.5480146186424959,
    "P_odd_harmonic_ratio": 0.30478665264400706,
    "P_odd_raw_orientation_coherence": 0.3070681581129444,
    "P_odd_raw_axis_coherence": 0.5800283684181675,
    "P_odd_raw_support_count": 8,
    "P_odd_H_orientation_coherence": 0.021265456182262086,
    "P_odd_H_axis_coherence": 0.6667184827438288,
    "P_odd_H_support_count": 59,
    "P_odd_raw_normal_flux_signed_ratio": -0.0654383101024419,
    "P_odd_raw_normal_flux_abs_ratio": 0.48027142306207427,