A_invariant,A_rank_score,P_odd_norm,P_over_Q_norm_ratio,Q_P_cosine,Q_even_norm,abs_area_norm_Q_cross_P,abs_area_ratio,cascade_index,decision_used_delta_beta,directed_imbalance,event_t,face_a,face_b,ka_norm,measured_delta_beta1,measured_delta_beta2,move_class,pair_index,signed_birth_area,signed_birth_over_abs,signed_outward_area,signed_outward_over_abs,signed_pair_axis_area,signed_pair_axis_over_abs,transport_cosine_ka_kb_reversed,transported_reversed_kb_norm,transverse_complementarity
5.7033487085197585,23.548975715173086,0.3418867678799431,0.7189895383278903,0.9343482463111464,0.475510073031562,0.05793386614569118,0.3563612697852881,1,False,0.5902665693185405,6,"[4, 5, 6]","[0, 1, 2]",0.4021167446462889,0,1,handle_candidate,0,-0.018631946312495352,-0.321607162645048,-0.018631946312495352,-0.321607162645048,0.009075160959470295,0.15664690729411318,0.6859348976363246,0.09899656296058507,0.41941405673564996
5.142202449751199,22.82665234876046,0.6627150842697741,0.919146096901412,0.9207573504940897,0.7210116939004291,0.1864167405501066,0.3901357475378517,2,False,0.60423140775587,6,"[2, 4, 5]","[0, 1, 3]",0.6780434180497926,0,1,handle_candidate,1,0.046742927945021454,0.2507442615230512,0.046742927945021454,0.2507442615230512,-0.07840044848793076,-0.4205654935074733,0.21146786731177558,0.14064741757061885,0.31593600984829
