P_odd_norm,QP_cross_norm,Q_even_norm,abs_area_scalar,birth_orders,birth_times,face,signed_birth_area_scalar,signed_outward_area_scalar
0.8026440557759306,0.31954087572802753,0.8149808475570827,0.31954087572791445,"[0, 1, 3]","[0, 1, 3]","[0, 1, 3]",-0.0897569253825425,-0.0897569253825425
0.8026440557756124,0.31954087572791445,0.8149808475567757,0.31954087572791445,"[2, 1, 2]","[2, 4, 5]","[2, 4, 5]",0.0897569253825425,0.0897569253825425
0.39609056929799463,0.10539669846880446,0.5297969432605171,0.10539669846880446,"[1, 2, 3]","[4, 5, 6]","[4, 5, 6]",-0.025196802658804262,-0.025196802658804262
0.3960905692979576,0.10539669846880291,0.5297969432604698,0.10539669846880446,"[0, 1, 2]","[0, 1, 2]","[0, 1, 2]",0.025196802658804262,0.025196802658804262
