A_invariant,A_rank_score,P_odd_norm,P_over_Q_norm_ratio,Q_P_cosine,Q_even_norm,abs_area_norm_Q_cross_P,abs_area_ratio,cascade_index,decision_used_delta_beta,directed_imbalance,event_t,face_a,face_b,ka_norm,measured_delta_beta1,measured_delta_beta2,move_class,pair_index,signed_birth_area,signed_birth_over_abs,signed_outward_area,signed_outward_over_abs,signed_pair_axis_area,signed_pair_axis_over_abs,transport_cosine_ka_kb_reversed,transported_reversed_kb_norm,transverse_complementarity
4.420385723163341,19.526547363494412,0.39609056929799463,0.7476271321227261,0.8647203729881958,0.5297969432605171,0.10539669846880446,0.5022535978264615,1,False,0.3811503034968431,6,"[4, 5, 6]","[0, 1, 2]",0.44735094812115345,0,1,handle_candidate,0,-0.025196802658804262,-0.23906633722519302,-0.025196802658804262,-0.23906633722519302,0.006145520514859602,0.05830847269490379,0.5064150578052397,0.1366140523614009,0.41941405673564996
3.8999805909940104,19.129510723883353,0.8026440557756124,0.9848624764383942,0.8725692743664234,0.8149808475567757,0.31954087572791445,0.4884903903134596,2,False,0.42938292169118075,6,"[2, 4, 5]","[0, 1, 3]",0.7826230537759429,0,1,handle_candidate,1,0.0897569253825425,0.2808934073858164,0.0897569253825425,0.2808934073858164,-0.14812562100280724,-0.463557661175314,0.03121131064012711,0.20424687703012737,0.31593600984829
