A_invariant,A_rank_score,P_odd_norm,P_over_Q_norm_ratio,Q_P_cosine,Q_even_norm,abs_area_norm_Q_cross_P,abs_area_ratio,cascade_index,decision_used_delta_beta,directed_imbalance,event_t,face_a,face_b,ka_norm,measured_delta_beta1,measured_delta_beta2,move_class,pair_index,signed_birth_area,signed_birth_over_abs,signed_outward_area,signed_outward_over_abs,signed_pair_axis_area,signed_pair_axis_over_abs,transport_cosine_ka_kb_reversed,transported_reversed_kb_norm,transverse_complementarity
4.420385723163341,19.526547363494412,0.4689460917174749,1.317056670490601,0.30470063361866795,0.35605612288609906,0.15903134524409304,0.9524481738448575,1,False,0.3811503034968431,6,"[4, 5, 6]","[0, 1, 2]",0.33482787224422433,0,1,handle_candidate,0,-0.00013931800629270665,-0.0008760411733799714,-0.00013931800629270665,-0.0008760411733799714,-0.027097373266542102,-0.17039014053978266,-0.2810181344305534,0.24745402756733018,0.41941405673564996
3.8999805909940104,19.129510723883353,0.8291594669043608,1.0920269949414145,0.806772336246533,0.7592847711129631,0.3719881632216273,0.5908624183886927,2,False,0.42938292169118075,6,"[2, 4, 5]","[0, 1, 3]",0.754959457414749,0,1,handle_candidate,1,0.01635255454698714,0.0439598787373255,0.01635255454698714,0.0439598787373255,-0.17968503992601928,-0.4830396708577027,-0.14755459970445156,0.24908956272919622,0.31593600984829
