{
  "variant": "real_growth",
  "variant_phase": "real_growth_phaseplus1",
  "phase_sign": 1,
  "max_level": 2,
  "source": "live",
  "antisym_eta": 1.0,
  "erase_phase_for_strict_sym": true,
  "baseline_metrics_legacy_core": {
    "vertices": 13,
    "edges": 33,
    "faces": 31,
    "tets": 10,
    "euler": 1,
    "beta0": 1,
    "beta1": 0,
    "beta2": 0,
    "beta3": 0,
    "boundary_faces": 22,
    "saturated_faces": 9,
    "overfull_faces": 0,
    "boundary_fraction": 0.7096774193548159,
    "saturated_fraction": 0.29032258064515193,
    "manifold_face_fraction": 0.9999999999999678,
    "edge_link_cycle_count": 0,
    "edge_link_candidate_count": 17,
    "edge_link_cycle_fraction": 0.0,
    "edge_link_noncircle_cycle_count": 0,
    "K_mean": 0.8073735822465625,
    "K_p95": 1.8499405472778678,
    "closed_ratio": 0.4594816320937747,
    "exact_residual_ratio": 0.2571057228705153,
    "harmonic_ratio": 0.0
  },
  "auto_metrics_legacy_core": {
    "vertices": 13,
    "edges": 38,
    "faces": 44,
    "tets": 16,
    "euler": 3,
    "beta0": 1,
    "beta1": 0,
    "beta2": 2,
    "beta3": 0,
    "boundary_faces": 24,
    "saturated_faces": 20,
    "overfull_faces": 0,
    "boundary_fraction": 0.545454545454533,
    "saturated_fraction": 0.4545454545454442,
    "manifold_face_fraction": 0.9999999999999772,
    "edge_link_cycle_count": 4,
    "edge_link_candidate_count": 27,
    "edge_link_cycle_fraction": 0.14814814814814267,
    "edge_link_noncircle_cycle_count": 0,
    "K_mean": 0.7146784788084811,
    "K_p95": 1.5429561887612795,
    "closed_ratio": 0.5210793707852407,
    "exact_residual_ratio": 0.2750951577609177,
    "harmonic_ratio": 0.12161711213082593
  },
  "signed_quadrature_metrics": {
    "beta0": 1,
    "beta1": 0,
    "beta2": 2,
    "beta3": 0,
    "harmonic_dim_real": 2,
    "applied_pair_count": 2,
    "decision_used_delta_beta_any": false,
    "measured_delta_beta2_sum": 2,
    "mean_transport_cosine_ka_kb_reversed": -0.21428636706750248,
    "mean_Q_P_cosine": 0.5557364849326005,
    "mean_P_over_Q_norm_ratio": 1.2045418327160078,
    "abs_area_total": 0.5310195084657203,
    "abs_area_mean_ratio": 0.7716552961167751,
    "signed_birth_area_sum": 0.016213236540694436,
    "signed_outward_area_sum": 0.016213236540694436,
    "signed_pair_axis_area_sum": -0.20678241319256138,
    "signed_birth_over_abs_sum_ratio": 0.03053228041943122,
    "signed_outward_over_abs_sum_ratio": 0.03053228041943122,
    "signed_pair_axis_over_abs_sum_ratio": -0.3894064340303247,
    "mean_signed_birth_over_abs": 0.021541918781972764,
    "mean_signed_outward_over_abs": 0.021541918781972764,
    "mean_signed_pair_axis_over_abs": -0.3267149056987427,
    "mean_abs_signed_birth_over_abs": 0.022417959955352736,
    "mean_abs_signed_outward_over_abs": 0.022417959955352736,
    "mean_abs_signed_pair_axis_over_abs": 0.3267149056987427,
    "scalar_abs_area_harmonic_ratio": 0.2108704416974997,
    "scalar_signed_birth_harmonic_ratio": 0.24050549104757996,
    "scalar_signed_outward_harmonic_ratio": 0.24050549104757996,
    "scalar_signed_birth_total_norm": 0.02312684369813863,
    "scalar_signed_outward_total_norm": 0.02312684369813863,
    "Q_even_total_norm": 1.1859926865617156,
    "Q_even_harmonic_norm": 0.2724588353144095,
    "Q_even_harmonic_ratio": 0.22973062009687342,
    "Q_even_raw_orientation_coherence": 0.3389734183507173,
    "Q_even_raw_axis_coherence": 0.6115269009191182,
    "Q_even_raw_support_count": 4,
    "Q_even_H_orientation_coherence": 0.05676988831157049,
    "Q_even_H_axis_coherence": 0.7182487379408794,
    "Q_even_H_support_count": 44,
    "Q_even_raw_normal_flux_signed_ratio": 0.5744906718836557,
    "Q_even_raw_normal_flux_abs_ratio": 0.7454476930241828,
    "Q_even_raw_kappa_orientation_ratio": 0.7706653025542977,
    "Q_even_raw_birth_normal_flux_signed_ratio": 0.5744906718836557,
    "Q_even_raw_birth_normal_flux_abs_ratio": 0.7454476930241828,
    "Q_even_raw_kappa_birth_orientation_ratio": 0.7706653025542977,
    "Q_even_H_normal_flux_signed_ratio": -0.0162640410905062,
    "Q_even_H_normal_flux_abs_ratio": 0.5107329366503199,
    "Q_even_H_kappa_orientation_ratio": 0.03184451192269542,
    "Q_even_H_birth_normal_flux_signed_ratio": -0.0162640410905062,
    "Q_even_H_birth_normal_flux_abs_ratio": 0.5107329366503199,
    "Q_even_H_kappa_birth_orientation_ratio": 0.03184451192269542,
    "P_odd_total_norm": 1.3471569013997364,
    "P_odd_harmonic_norm": 0.29955690444023275,
    "P_odd_harmonic_ratio": 0.2223622980580523,
    "P_odd_raw_orientation_coherence": 0.7109216201143457,
    "P_odd_raw_axis_coherence": 0.5788325174320774,
    "P_odd_raw_support_count": 4,
    "P_odd_H_orientation_coherence": 0.054013282320676904,
    "P_odd_H_axis_coherence": 0.7270427173504957,
    "P_odd_H_support_count": 44,
    "P_odd_raw_normal_flux_signed_ratio": 0.08537196064004265,
    "P_odd_raw_normal_flux_abs_ratio": 0.9892692663281886,
    "P_odd_raw_kappa_orientation_ratio": 0.08629800151057593,
    "P_odd_raw_birth_normal_flux_signed_ratio": 0.08537196064004265,
    "P_odd_raw_birth_normal_flux_abs_ratio": 0.9892692663281886,
    "P_odd_raw_kappa_birth_orientation_ratio": 0.08629800151057593,
    "P_odd_H_normal_flux_signed_ratio": 0.036125012152368935,
    "P_odd_H_normal_flux_abs_ratio": 0.5646536573177465,
    "P_odd_H_kappa_orientation_ratio": 0.06397729242365714,
    "P_odd_H_birth_normal_flux_signed_ratio": 0.036125012152368935,
    "P_odd_H_birth_normal_flux_abs_ratio": 0.5646536573177465,
    "P_odd_H_kappa_birth_orientation_ratio": 0.06397729242365714,
    "QP_cross_total_norm": 0.5721296397621569,
    "QP_cross_harmonic_norm": 0.14143285374889467,
    "QP_cross_harmonic_ratio": 0.2472042067379052,
    "QP_cross_raw_orientation_coherence": 0.1475820760162093,
    "QP_cross_raw_axis_coherence": 0.7717376298653351,
    "QP_cross_raw_support_count": 4,
    "QP_cross_H_orientation_coherence": 0.08824866300108859,
    "QP_cross_H_axis_coherence": 0.9402407898638304,
    "QP_cross_H_support_count": 44,
    "QP_cross_raw_normal_flux_signed_ratio": 0.03301331589163172,
    "QP_cross_raw_normal_flux_abs_ratio": 0.033441081833661866,
    "QP_cross_raw_kappa_orientation_ratio": 0.987208370077706,
    "QP_cross_raw_birth_normal_flux_signed_ratio": 0.03301331589163172,
    "QP_cross_raw_birth_normal_flux_abs_ratio": 0.033441081833661866,
    "QP_cross_raw_kappa_birth_orientation_ratio": 0.987208370077706,
    "QP_cross_H_normal_flux_signed_ratio": -0.0024438721782304123,
    "QP_cross_H_normal_flux_abs_ratio": 0.5291703500733158,
    "QP_cross_H_kappa_orientation_ratio": 0.004618308977226708,
    "QP_cross_H_birth_normal_flux_signed_ratio": -0.0024438721782304123,
    "QP_cross_H_birth_normal_flux_abs_ratio": 0.5291703500733158,
    "QP_cross_H_kappa_birth_orientation_ratio": 0.004618308977226708
  },
  "automatic_pairings_applied": 2,
  "automatic_pairing_attempts_logged": 2,
  "births_with_cascade_logs": 1,
  "interpretation_flags": {
    "beta2_opened": true,
    "Q_even_harmonic_positive": true,
    "P_odd_harmonic_positive": true,
    "abs_area_positive": true,
    "signed_birth_area_nontrivial": false,
    "signed_outward_area_nontrivial": false,
    "decision_used_delta_beta_any": false
  }
}