A_invariant,A_rank_score,K_axial_a_norm,K_axial_b_norm,a_b_transport_cosine,cascade_index,decision_used_delta_beta,directed_imbalance,event_t,face_a,face_b,measured_delta_beta1,measured_delta_beta2,move_class,pair_index,pair_vec_a_norm,pair_vec_b_norm,transported_reversed_b_norm,transverse_complementarity
4.420385723163341,19.526547363494412,0.33482787224422433,0.2474540275673554,-0.2810181344305534,1,False,0.3811503034968431,6,"[4, 5, 6]","[0, 1, 2]",0,1,handle_candidate,0,0.35605612288609906,0.3560561228860632,0.24745402756733018,0.41941405673564996
3.8999805909940104,19.129510723883353,0.754959457414749,0.24908956272916466,-0.14755459970445156,2,False,0.42938292169118075,6,"[2, 4, 5]","[0, 1, 3]",0,1,handle_candidate,1,0.7592847711129631,0.7592847711132332,0.24908956272919622,0.31593600984829
