P_odd_H_kappa_orientation_ratio,P_odd_harmonic_ratio,Q_even_H_kappa_orientation_ratio,Q_even_harmonic_ratio,abs_area_mean_ratio,beta0,beta1,beta2,beta3,decision_used_delta_beta_any,mean_abs_signed_birth_over_abs,mean_abs_signed_outward_over_abs,mean_abs_signed_pair_axis_over_abs,mean_transport_cosine_ka_kb_reversed,pairings,phase_sign,scalar_signed_birth_harmonic_ratio,scalar_signed_outward_harmonic_ratio,signed_birth_over_abs_sum_ratio,signed_outward_over_abs_sum_ratio,signed_pair_axis_over_abs_sum_ratio,variant,variant_phase
0.06397729242365714,0.2223622980580523,0.03184451192269542,0.22973062009687342,0.7716552961167751,1,0,2,0,False,0.022417959955352736,0.022417959955352736,0.3267149056987427,-0.21428636706750248,2,1,0.24050549104757996,0.24050549104757996,0.03053228041943122,0.03053228041943122,-0.3894064340303247,real_growth,real_growth_phaseplus1
0.0215064941693964,0.20766140482798737,0.010116541024780708,0.20604970825653332,0.4953719940699606,1,0,2,0,False,0.25997987230550473,0.25997987230550473,0.26093306693510887,0.2688131842226834,2,-1,0.255420492935019,0.255420492935019,0.15192848701512826,0.15192848701512826,-0.334119901625564,real_growth,real_growth_phaseminus1
0.0,0.0,0.0,0.0,0.0,1,0,0,0,False,0.0,0.0,0.0,0.0,0,1,0.0,0.0,0.0,0.0,0.0,strict_symmetrized_control,strict_symmetrized_control_phaseplus1
0.0,0.0,0.0,0.0,0.0,1,0,0,0,False,0.0,0.0,0.0,0.0,0,-1,0.0,0.0,0.0,0.0,0.0,strict_symmetrized_control,strict_symmetrized_control_phaseminus1
0.06731536866186365,0.22032942395418834,0.029346553917515176,0.2237951961247543,0.6395631484051085,1,0,2,0,False,0.03497140455975486,0.03497140455975486,0.30185998025593974,-0.07049986362874583,2,1,0.24619740123627787,0.24619740123627787,0.036283527323637814,0.036283527323637814,-0.368293269378983,no_backreaction,no_backreaction_phaseplus1
0.022313533355553482,0.20550503711739804,0.008084357922248176,0.20395169765228607,0.3732485086615699,1,0,2,0,False,0.28617571208404957,0.28617571208404957,0.2886062004007932,0.4487013824740501,2,-1,0.2593541432293369,0.2593541432293369,0.11504363345988163,0.11504363345988163,-0.2837123609620609,no_backreaction,no_backreaction_phaseminus1
