P_harm_minus,P_harm_plus,Q_harm_minus,Q_harm_plus,abs_area_minus,abs_area_plus,signed_birth_flip_score_zero_if_perfect_flip,signed_birth_minus,signed_birth_plus,signed_outward_flip_score_zero_if_perfect_flip,signed_outward_minus,signed_outward_plus,signed_pair_axis_flip_score_zero_if_perfect_flip,signed_pair_axis_minus,signed_pair_axis_plus,variant
0.20550503711739804,0.22032942395418834,0.20395169765228607,0.2237951961247543,0.3732485086615699,0.6395631484051085,0.9999999999933917,0.11504363345988163,0.036283527323637814,0.9999999999933917,0.11504363345988163,0.036283527323637814,-0.9999999999984663,-0.2837123609620609,-0.368293269378983,no_backreaction
0.20766140482798737,0.2223622980580523,0.20604970825653332,0.22973062009687342,0.4953719940699606,0.7716552961167751,0.9999999999945194,0.15192848701512826,0.03053228041943122,0.9999999999945194,0.15192848701512826,0.03053228041943122,-0.9999999999986179,-0.334119901625564,-0.3894064340303247,real_growth
0.0,0.0,0.0,0.0,0.0,0.0,0.0,0.0,0.0,0.0,0.0,0.0,0.0,0.0,0.0,strict_symmetrized_control
