{
  "variant": "real_growth",
  "baseline_metrics": {
    "vertices": 13,
    "edges": 33,
    "faces": 31,
    "tets": 10,
    "euler": 1,
    "beta0": 1,
    "beta1": 0,
    "beta2": 0,
    "beta3": 0,
    "boundary_faces": 22,
    "saturated_faces": 9,
    "overfull_faces": 0,
    "boundary_fraction": 0.7096774193548159,
    "saturated_fraction": 0.29032258064515193,
    "manifold_face_fraction": 0.9999999999999678,
    "edge_link_cycle_count": 0,
    "edge_link_candidate_count": 17,
    "edge_link_cycle_fraction": 0.0,
    "edge_link_noncircle_cycle_count": 0,
    "K_mean": 0.8073735822465627,
    "K_p95": 1.849940547277868,
    "closed_ratio": 0.4594816320937747,
    "exact_residual_ratio": 0.2571057228705153,
    "harmonic_ratio": 0.0
  },
  "auto_metrics": {
    "vertices": 13,
    "edges": 41,
    "faces": 55,
    "tets": 22,
    "euler": 5,
    "beta0": 1,
    "beta1": 0,
    "beta2": 4,
    "beta3": 0,
    "boundary_faces": 22,
    "saturated_faces": 33,
    "overfull_faces": 0,
    "boundary_fraction": 0.3999999999999927,
    "saturated_fraction": 0.5999999999999891,
    "manifold_face_fraction": 0.9999999999999818,
    "edge_link_cycle_count": 9,
    "edge_link_candidate_count": 32,
    "edge_link_cycle_fraction": 0.2812499999999912,
    "edge_link_noncircle_cycle_count": 0,
    "K_mean": 0.7741813641636709,
    "K_p95": 1.5275009336093657,
    "closed_ratio": 0.5427342923165444,
    "exact_residual_ratio": 0.29315782463195494,
    "harmonic_ratio": 0.10880034851590804
  },
  "directed_metrics": {
    "beta0": 1,
    "beta1": 0,
    "beta2": 4,
    "beta3": 0,
    "harmonic_dim_real": 4,
    "applied_pair_count": 4,
    "raw_K_total_norm": 5.58455479150973,
    "raw_K_harmonic_norm": 1.6925993645130551e-15,
    "raw_K_harmonic_ratio": 3.0308581931831563e-16,
    "raw_local_orientation_coherence": 0.1478742591296744,
    "raw_local_axis_coherence": 0.521951956598373,
    "raw_support_count": 55,
    "raw_H_orientation_coherence": 0.0,
    "raw_H_axis_coherence": 0.0,
    "raw_H_support_count": 0,
    "raw_3face_coherence": 0.5432417582780732,
    "shared_edge_3face_phase_defect": 0.4567582417219267,
    "raw_3face_count": 300,
    "pair_transport_total_norm": 3.072038910527321,
    "pair_transport_harmonic_norm": 0.8556499780289081,
    "pair_transport_harmonic_ratio": 0.2785283659970816,
    "pair_scalar_total_norm": 3.0720389105321706,
    "pair_scalar_harmonic_norm": 0.7349597437261945,
    "pair_scalar_harmonic_ratio": 0.23924167796385037,
    "pair_raw_orientation_coherence": 0.2709969513111264,
    "pair_raw_axis_coherence": 0.7355972171664877,
    "pair_raw_support_count": 8,
    "pair_orientation_coherence": 0.06646964319829518,
    "pair_axis_coherence": 0.562585222068229,
    "pair_H_support_count": 55,
    "pair_3face_coherence": 0.0,
    "pair_shared_edge_3face_phase_defect": 0.0,
    "pair_3face_count": 0,
    "mean_pair_transport_cosine": 0.0008701896575957907,
    "interfan_phase_transport_residual": 0.5497136979152225,
    "decision_used_delta_beta_any": false,
    "measured_delta_beta2_sum": 4,
    "raw_normal_flux_signed_ratio": -0.07479237295393677,
    "raw_normal_flux_abs_ratio": 0.5003361372844843,
    "raw_kappa_orientation_ratio": 0.14948425144686553,
    "raw_birth_normal_flux_signed_ratio": -0.07479237295393677,
    "raw_birth_normal_flux_abs_ratio": 0.5003361372844843,
    "raw_kappa_birth_orientation_ratio": 0.14948425144686553,
    "raw_H_normal_flux_signed_ratio": -0.00031782314523947193,
    "raw_H_normal_flux_abs_ratio": 0.0016043131955170565,
    "raw_H_kappa_orientation_ratio": 0.19810542351048532,
    "raw_H_birth_normal_flux_signed_ratio": -0.00031782314523947193,
    "raw_H_birth_normal_flux_abs_ratio": 0.0016043131955170565,
    "raw_H_kappa_birth_orientation_ratio": 0.19810542351048532,
    "pair_raw_normal_flux_signed_ratio": -0.4854879989166589,
    "pair_raw_normal_flux_abs_ratio": 0.49645534049149886,
    "pair_raw_kappa_orientation_ratio": 0.9779087046078303,
    "pair_raw_birth_normal_flux_signed_ratio": -0.4854879989166589,
    "pair_raw_birth_normal_flux_abs_ratio": 0.49645534049149886,
    "pair_raw_kappa_birth_orientation_ratio": 0.9779087046078303,
    "pair_normal_flux_signed_ratio": -0.07962458442736153,
    "pair_normal_flux_abs_ratio": 0.40107608648254917,
    "pair_kappa_orientation_ratio": 0.19852737949418353,
    "pair_birth_normal_flux_signed_ratio": -0.07962458442736153,
    "pair_birth_normal_flux_abs_ratio": 0.40107608648254917,
    "pair_kappa_birth_orientation_ratio": 0.19852737949418353
  },
  "signed_metrics": {
    "beta0": 1,
    "beta1": 0,
    "beta2": 4,
    "beta3": 0,
    "harmonic_dim_real": 4,
    "applied_pair_count": 4,
    "decision_used_delta_beta_any": false,
    "measured_delta_beta2_sum": 4,
    "mean_transport_cosine_ka_kb_reversed": 0.0008701896575957907,
    "mean_Q_P_cosine": 0.3643291867194154,
    "mean_P_over_Q_norm_ratio": 1.6451379957300147,
    "abs_area_total": 3.2530991772007813,
    "abs_area_mean_ratio": 0.7521265424698113,
    "signed_birth_area_sum": -1.9905533266620812,
    "signed_outward_area_sum": -1.9905533266620812,
    "signed_pair_axis_area_sum": 0.4497460605596415,
    "signed_birth_over_abs_sum_ratio": -0.6118944484115899,
    "signed_outward_over_abs_sum_ratio": -0.6118944484115899,
    "signed_pair_axis_over_abs_sum_ratio": 0.13825156752414158,
    "mean_signed_birth_over_abs": -0.504703304191084,
    "mean_signed_outward_over_abs": -0.504703304191084,
    "mean_signed_pair_axis_over_abs": -0.047216636472545856,
    "mean_abs_signed_birth_over_abs": 0.504703304191084,
    "mean_abs_signed_outward_over_abs": 0.504703304191084,
    "mean_abs_signed_pair_axis_over_abs": 0.2824486369096348,
    "scalar_abs_area_harmonic_ratio": 0.2303669560295333,
    "scalar_signed_birth_harmonic_ratio": 0.24085598418410076,
    "scalar_signed_outward_harmonic_ratio": 0.24085598418410076,
    "scalar_signed_birth_total_norm": 2.3808469516750765,
    "scalar_signed_outward_total_norm": 2.3808469516750765,
    "Q_even_total_norm": 3.072038910527321,
    "Q_even_harmonic_norm": 0.8556499780289081,
    "Q_even_harmonic_ratio": 0.2785283659970816,
    "Q_even_raw_orientation_coherence": 0.2709969513111264,
    "Q_even_raw_axis_coherence": 0.7355972171664877,
    "Q_even_raw_support_count": 8,
    "Q_even_H_orientation_coherence": 0.06646964319829518,
    "Q_even_H_axis_coherence": 0.562585222068229,
    "Q_even_H_support_count": 55,
    "Q_even_raw_normal_flux_signed_ratio": -0.4854879989166589,
    "Q_even_raw_normal_flux_abs_ratio": 0.49645534049149886,
    "Q_even_raw_kappa_orientation_ratio": 0.9779087046078303,
    "Q_even_raw_birth_normal_flux_signed_ratio": -0.4854879989166589,
    "Q_even_raw_birth_normal_flux_abs_ratio": 0.49645534049149886,
    "Q_even_raw_kappa_birth_orientation_ratio": 0.9779087046078303,
    "Q_even_H_normal_flux_signed_ratio": -0.07962458442736153,
    "Q_even_H_normal_flux_abs_ratio": 0.40107608648254917,
    "Q_even_H_kappa_orientation_ratio": 0.19852737949418353,
    "Q_even_H_birth_normal_flux_signed_ratio": -0.07962458442736153,
    "Q_even_H_birth_normal_flux_abs_ratio": 0.40107608648254917,
    "Q_even_H_kappa_birth_orientation_ratio": 0.19852737949418353,
    "P_odd_total_norm": 3.3771748315650405,
    "P_odd_harmonic_norm": 1.1780958017073058,
    "P_odd_harmonic_ratio": 0.3488406317303411,
    "P_odd_raw_orientation_coherence": 0.39324327494237316,
    "P_odd_raw_axis_coherence": 0.44044169800467275,
    "P_odd_raw_support_count": 8,
    "P_odd_H_orientation_coherence": 0.049948397817495264,
    "P_odd_H_axis_coherence": 0.5484579551614583,
    "P_odd_H_support_count": 55,
    "P_odd_raw_normal_flux_signed_ratio": -0.0008089985373537974,
    "P_odd_raw_normal_flux_abs_ratio": 0.5794968090100924,
    "P_odd_raw_kappa_orientation_ratio": 0.0013960362244864616,
    "P_odd_raw_birth_normal_flux_signed_ratio": -0.0008089985373537974,
    "P_odd_raw_birth_normal_flux_abs_ratio": 0.5794968090100924,