A_invariant,A_rank_score,JP_to_minusQ_resid,JQ_to_P_resid,P_odd_norm,P_odd_pair_conjugation_resid,P_over_Q_norm_ratio,Q_even_norm,Q_even_pair_conjugation_resid,block_exchange_comm_grade_signed,cascade_index,comm_abs_area,comm_signed_birth,comm_signed_birth_over_abs,comm_signed_outward,comm_signed_outward_over_abs,decision_used_delta_beta,directed_imbalance,event_t,face_a,face_b,ka_norm,kb_reversed_norm,local_CJC_plus_J_resid,local_C_square_minus_I_resid,local_J_orthogonality_resid,local_J_square_minus_neg_I_resid,measured_delta_beta1,measured_delta_beta2,move_class,pair_index,transport_cosine_ka_kb_reversed,transverse_complementarity
5.7033487085197585,23.548975715173086,0.8970152844641089,0.8970152844641152,0.34645867893859555,1.0379163727828907e-13,1.1084866841080216,0.31255105172172265,1.0324719189902848e-13,0.9999999999992305,1,0.08595273214485286,-0.001195137711135661,-0.013904592457952778,-0.001195137711135661,-0.013904592457952778,False,0.5902665693185405,6,"[4, 5, 6]","[0, 1, 2]",0.295570900506774,0.14662445514214403,1.6948585881677002e-13,1.6948940486162536e-13,1.6948940486162536e-13,1.6948940486162536e-13,0,1,handle_candidate,0,-0.12890244341825408,0.41941405673564996
5.142202449751199,22.82665234876046,0.9680676697401911,0.968067669740187,0.6727193420515779,4.026815500544733e-13,1.005889326843872,0.6687806740740847,3.9695227011959156e-13,0.999999999999815,2,0.21836870945647557,0.012236993052682594,0.056038216661556936,0.012236993052682594,0.056038216661556936,False,0.60423140775587,6,"[2, 4, 5]","[0, 1, 3]",0.649331397283801,0.16816119675512,6.696568038423916e-13,6.696304854752727e-13,6.696304854752727e-13,6.696304854752727e-13,0,1,handle_candidate,1,-0.012097283839237577,0.31593600984829
