{
  "variant": "no_backreaction",
  "variant_phase": "no_backreaction_phaseplus1",
  "phase_sign": 1,
  "max_level": 2,
  "source": "live",
  "antisym_eta": 1.0,
  "erase_phase_for_strict_sym": true,
  "baseline_metrics_legacy_core": {
    "vertices": 13,
    "edges": 33,
    "faces": 31,
    "tets": 10,
    "euler": 1,
    "beta0": 1,
    "beta1": 0,
    "beta2": 0,
    "beta3": 0,
    "boundary_faces": 22,
    "saturated_faces": 9,
    "overfull_faces": 0,
    "boundary_fraction": 0.7096774193548159,
    "saturated_fraction": 0.29032258064515193,
    "manifold_face_fraction": 0.9999999999999678,
    "edge_link_cycle_count": 0,
    "edge_link_candidate_count": 17,
    "edge_link_cycle_fraction": 0.0,
    "edge_link_noncircle_cycle_count": 0,
    "K_mean": 0.6243169724281119,
    "K_p95": 1.3870186003895344,
    "closed_ratio": 0.5081210545386275,
    "exact_residual_ratio": 0.2737836843813679,
    "harmonic_ratio": 0.0
  },
  "auto_metrics_legacy_core": {
    "vertices": 13,
    "edges": 38,
    "faces": 44,
    "tets": 16,
    "euler": 3,
    "beta0": 1,
    "beta1": 0,
    "beta2": 2,
    "beta3": 0,
    "boundary_faces": 24,
    "saturated_faces": 20,
    "overfull_faces": 0,
    "boundary_fraction": 0.545454545454533,
    "saturated_fraction": 0.4545454545454442,
    "manifold_face_fraction": 0.9999999999999772,
    "edge_link_cycle_count": 4,
    "edge_link_candidate_count": 27,
    "edge_link_cycle_fraction": 0.14814814814814267,
    "edge_link_noncircle_cycle_count": 0,
    "K_mean": 0.5412193744434357,
    "K_p95": 1.1195013348643104,
    "closed_ratio": 0.5211607215454973,
    "exact_residual_ratio": 0.27778399954302363,
    "harmonic_ratio": 0.1289340693873014
  },
  "adjoint_pairing_metrics": {
    "beta0": 1,
    "beta1": 0,
    "beta2": 2,
    "beta3": 0,
    "harmonic_dim_real": 2,
    "applied_pair_count": 2,
    "decision_used_delta_beta_any": false,
    "measured_delta_beta2_sum": 2,
    "mean_transport_cosine_ka_kb_reversed": -0.07049986362874583,
    "mean_P_over_Q_norm_ratio": 1.0571880054759468,
    "mean_local_J_square_resid": 4.1955994516844905e-13,
    "mean_local_C_square_resid": 4.1955994516844905e-13,
    "mean_local_CJC_plus_J_resid": 4.1957133132958085e-13,
    "mean_local_J_orthogonality_resid": 4.1955994516844905e-13,
    "mean_Q_even_pair_conjugation_resid": 2.5009973100931004e-13,
    "mean_P_odd_pair_conjugation_resid": 2.532365936663812e-13,
    "mean_JQ_to_P_resid": 0.9325414771021511,
    "mean_JP_to_minusQ_resid": 0.9325414771021501,
    "comm_abs_total": 0.30432144160132846,
    "comm_signed_birth_over_abs_sum_ratio": 0.036283527323637814,
    "comm_signed_outward_over_abs_sum_ratio": 0.036283527323637814,
    "mean_abs_comm_signed_birth_over_abs": 0.03497140455975486,
    "mean_abs_comm_signed_outward_over_abs": 0.03497140455975486,
    "mean_block_exchange_comm_grade_signed": 0.9999999999995228,
    "mean_abs_block_exchange_comm_grade_signed": 0.9999999999995228,
    "Q_even_total_norm": 1.043988266167301,
    "Q_even_harmonic_norm": 0.23363955877907713,
    "Q_even_harmonic_ratio": 0.2237951961247543,
    "Q_even_raw_orientation_coherence": 0.3201245085723945,
    "Q_even_raw_axis_coherence": 0.6211986951284639,
    "Q_even_raw_support_count": 4,
    "Q_even_H_orientation_coherence": 0.0535042114580813,
    "Q_even_H_axis_coherence": 0.7083906580046593,
    "Q_even_H_support_count": 44,
    "Q_even_raw_normal_flux_signed_ratio": 0.5742665155949417,
    "Q_even_raw_normal_flux_abs_ratio": 0.8268913876376132,
    "Q_even_raw_kappa_orientation_ratio": 0.6944884469469413,
    "Q_even_raw_birth_normal_flux_signed_ratio": 0.5742665155949417,
    "Q_even_raw_birth_normal_flux_abs_ratio": 0.8268913876376132,
    "Q_even_raw_kappa_birth_orientation_ratio": 0.6944884469469413,
    "Q_even_H_normal_flux_signed_ratio": -0.016321378256088637,
    "Q_even_H_normal_flux_abs_ratio": 0.5561599601075495,
    "Q_even_H_kappa_orientation_ratio": 0.029346553917515176,
    "Q_even_H_birth_normal_flux_signed_ratio": -0.016321378256088637,
    "Q_even_H_birth_normal_flux_abs_ratio": 0.5561599601075495,
    "Q_even_H_kappa_birth_orientation_ratio": 0.029346553917515176,
    "P_odd_total_norm": 1.0701260947966376,
    "P_odd_harmonic_norm": 0.23578026602510865,
    "P_odd_harmonic_ratio": 0.22032942395418834,
    "P_odd_raw_orientation_coherence": 0.7085678093884858,
    "P_odd_raw_axis_coherence": 0.5940396263873441,
    "P_odd_raw_support_count": 4,
    "P_odd_H_orientation_coherence": 0.05137422776813868,
    "P_odd_H_axis_coherence": 0.7514766896485061,
    "P_odd_H_support_count": 44,
    "P_odd_raw_normal_flux_signed_ratio": 0.08331734580670146,
    "P_odd_raw_normal_flux_abs_ratio": 0.9831669461581313,
    "P_odd_raw_kappa_orientation_ratio": 0.08474384348679687,
    "P_odd_raw_birth_normal_flux_signed_ratio": 0.08331734580670146,
    "P_odd_raw_birth_normal_flux_abs_ratio": 0.9831669461581313,
    "P_odd_raw_kappa_birth_orientation_ratio": 0.08474384348679687,
    "P_odd_H_normal_flux_signed_ratio": 0.0378223990246792,
    "P_odd_H_normal_flux_abs_ratio": 0.5618687051184421,
    "P_odd_H_kappa_orientation_ratio": 0.06731536866186365,
    "P_odd_H_birth_normal_flux_signed_ratio": 0.0378223990246792,
    "P_odd_H_birth_normal_flux_abs_ratio": 0.5618687051184421,
    "P_odd_H_kappa_birth_orientation_ratio": 0.06731536866186365,
    "QP_comm_total_norm": 0.33188180255285654,
    "QP_comm_harmonic_norm": 0.08178697310675767,
    "QP_comm_harmonic_ratio": 0.24643403909886138,
    "QP_comm_raw_orientation_coherence": 0.153449417069242,
    "QP_comm_raw_axis_coherence": 0.7909710730393962,
    "QP_comm_raw_support_count": 4,
    "QP_comm_H_orientation_coherence": 0.08573654022477065,
    "QP_comm_H_axis_coherence": 0.9253790215021822,
    "QP_comm_H_support_count": 44,
    "QP_comm_raw_normal_flux_signed_ratio": 0.04000569716590633,
    "QP_comm_raw_normal_flux_abs_ratio": 0.04638020949875747,
    "QP_comm_raw_kappa_orientation_ratio": 0.8625596476901538,
    "QP_comm_raw_birth_normal_flux_signed_ratio": 0.04000569716590633,
    "QP_comm_raw_birth_normal_flux_abs_ratio": 0.04638020949875747,
    "QP_comm_raw_kappa_birth_orientation_ratio": 0.8625596476901538,
    "QP_comm_H_normal_flux_signed_ratio": 0.0018464484546321582,
    "QP_comm_H_normal_flux_abs_ratio": 0.5330181489820707,
    "QP_comm_H_kappa_orientation_ratio": 0.003464138056377521,
    "QP_comm_H_birth_normal_flux_signed_ratio": 0.0018464484546321582,
    "QP_comm_H_birth_normal_flux_abs_ratio": 0.5330181489820707,
    "QP_comm_H_kappa_birth_orientation_ratio": 0.003464138056377521
  },
  "automatic_pairings_applied": 2,
  "automatic_pairing_attempts_logged": 2,
  "births_with_cascade_logs": 1,
  "interpretation_flags": {
    "beta2_opened": true,
    "Q_even_harmonic_positive": true,
    "P_odd_harmonic_positive": true,
    "local_pair_J_square_minus_I_positive": true,
    "local_pair_C_square_positive": true,
    "local_pair_C_anticommutes_with_J": true,
    "actual_QP_locked_by_local_J": false,
    "comm_signed_birth_nontrivial": false,
    "decision_used_delta_beta_any": false
  }
}