{
  "variant": "no_backreaction",
  "baseline_metrics": {
    "vertices": 13,
    "edges": 33,
    "faces": 31,
    "tets": 10,
    "euler": 1,
    "beta0": 1,
    "beta1": 0,
    "beta2": 0,
    "beta3": 0,
    "boundary_faces": 22,
    "saturated_faces": 9,
    "overfull_faces": 0,
    "boundary_fraction": 0.7096774193548159,
    "saturated_fraction": 0.29032258064515193,
    "manifold_face_fraction": 0.9999999999999678,
    "edge_link_cycle_count": 0,
    "edge_link_candidate_count": 17,
    "edge_link_cycle_fraction": 0.0,
    "edge_link_noncircle_cycle_count": 0,
    "K_mean": 0.6243169724281119,
    "K_p95": 1.3870186003895344,
    "closed_ratio": 0.5081210545386277,
    "exact_residual_ratio": 0.27378368438136796,
    "harmonic_ratio": 0.0
  },
  "auto_metrics": {
    "vertices": 13,
    "edges": 43,
    "faces": 59,
    "tets": 22,
    "euler": 7,
    "beta0": 1,
    "beta1": 0,
    "beta2": 6,
    "beta3": 0,
    "boundary_faces": 30,
    "saturated_faces": 29,
    "overfull_faces": 0,
    "boundary_fraction": 0.5084745762711778,
    "saturated_fraction": 0.4915254237288052,
    "manifold_face_fraction": 0.999999999999983,
    "edge_link_cycle_count": 4,
    "edge_link_candidate_count": 33,
    "edge_link_cycle_fraction": 0.12121212121211754,
    "edge_link_noncircle_cycle_count": 0,
    "K_mean": 0.6192930468100338,
    "K_p95": 1.523906066473575,
    "closed_ratio": 0.3882541413005306,
    "exact_residual_ratio": 0.28254358883559294,
    "harmonic_ratio": 0.18093357604525645
  },
  "directed_metrics": {
    "beta0": 1,
    "beta1": 0,
    "beta2": 6,
    "beta3": 0,
    "harmonic_dim_real": 6,
    "applied_pair_count": 4,
    "raw_K_total_norm": 4.54186712054124,
    "raw_K_harmonic_norm": 1.4154887414087437e-15,
    "raw_K_harmonic_ratio": 3.116534904789889e-16,
    "raw_local_orientation_coherence": 0.2132028411024722,
    "raw_local_axis_coherence": 0.4689115670594851,
    "raw_support_count": 59,
    "raw_H_orientation_coherence": 0.0,
    "raw_H_axis_coherence": 0.0,
    "raw_H_support_count": 0,
    "raw_3face_coherence": 0.5825675838070241,
    "shared_edge_3face_phase_defect": 0.41743241619297583,
    "raw_3face_count": 368,
    "pair_transport_total_norm": 3.01247699184197,
    "pair_transport_harmonic_norm": 0.899132398616151,
    "pair_transport_harmonic_ratio": 0.2984694658418223,
    "pair_scalar_total_norm": 3.012476991848333,
    "pair_scalar_harmonic_norm": 0.399595672348106,
    "pair_scalar_harmonic_ratio": 0.13264687943817213,
    "pair_raw_orientation_coherence": 0.45048259346024283,
    "pair_raw_axis_coherence": 0.6407829229417342,
    "pair_raw_support_count": 8,
    "pair_orientation_coherence": 0.03549340330171477,
    "pair_axis_coherence": 0.7629687849818487,
    "pair_H_support_count": 59,
    "pair_3face_coherence": 0.0,
    "pair_shared_edge_3face_phase_defect": 0.0,
    "pair_3face_count": 0,
    "mean_pair_transport_cosine": 0.3490010382537892,
    "interfan_phase_transport_residual": 0.6509989617462109,
    "decision_used_delta_beta_any": false,
    "measured_delta_beta2_sum": 6,
    "raw_normal_flux_signed_ratio": -0.1342966691595881,
    "raw_normal_flux_abs_ratio": 0.5527014828216154,
    "raw_kappa_orientation_ratio": 0.242982284892276,
    "raw_birth_normal_flux_signed_ratio": -0.1342966691595881,
    "raw_birth_normal_flux_abs_ratio": 0.5527014828216154,
    "raw_kappa_birth_orientation_ratio": 0.242982284892276,
    "raw_H_normal_flux_signed_ratio": 0.0002769952012752131,
    "raw_H_normal_flux_abs_ratio": 0.0016487504514414303,
    "raw_H_kappa_orientation_ratio": 0.1680031085753731,
    "raw_H_birth_normal_flux_signed_ratio": 0.0002769952012752131,
    "raw_H_birth_normal_flux_abs_ratio": 0.0016487504514414303,
    "raw_H_kappa_birth_orientation_ratio": 0.1680031085753731,
    "pair_raw_normal_flux_signed_ratio": -0.35021805660561944,
    "pair_raw_normal_flux_abs_ratio": 0.5646900291590847,
    "pair_raw_kappa_orientation_ratio": 0.620195219537577,
    "pair_raw_birth_normal_flux_signed_ratio": -0.35021805660561944,
    "pair_raw_birth_normal_flux_abs_ratio": 0.5646900291590847,
    "pair_raw_kappa_birth_orientation_ratio": 0.620195219537577,
    "pair_normal_flux_signed_ratio": -0.0777362433388792,
    "pair_normal_flux_abs_ratio": 0.4039490146390565,
    "pair_kappa_orientation_ratio": 0.19244073019499006,
    "pair_birth_normal_flux_signed_ratio": -0.0777362433388792,
    "pair_birth_normal_flux_abs_ratio": 0.4039490146390565,
    "pair_kappa_birth_orientation_ratio": 0.19244073019499006
  },
  "signed_metrics": {
    "beta0": 1,
    "beta1": 0,
    "beta2": 6,
    "beta3": 0,
    "harmonic_dim_real": 6,
    "applied_pair_count": 4,
    "decision_used_delta_beta_any": false,
    "measured_delta_beta2_sum": 6,
    "mean_transport_cosine_ka_kb_reversed": 0.3490010382537892,
    "mean_Q_P_cosine": 0.680184661012025,
    "mean_P_over_Q_norm_ratio": 0.7626111295076281,
    "abs_area_total": 1.5938812683872559,
    "abs_area_mean_ratio": 0.6261676384777605,
    "signed_birth_area_sum": 0.283685128237052,
    "signed_outward_area_sum": 0.283685128237052,
    "signed_pair_axis_area_sum": 0.4005899306287012,
    "signed_birth_over_abs_sum_ratio": 0.1779838522877657,
    "signed_outward_over_abs_sum_ratio": 0.1779838522877657,
    "signed_pair_axis_over_abs_sum_ratio": 0.2513298440565655,
    "mean_signed_birth_over_abs": -0.2952937416260162,
    "mean_signed_outward_over_abs": -0.2952937416260162,
    "mean_signed_pair_axis_over_abs": 0.03848436108148216,
    "mean_abs_signed_birth_over_abs": 0.5992920308975627,
    "mean_abs_signed_outward_over_abs": 0.5992920308975627,
    "mean_abs_signed_pair_axis_over_abs": 0.43717567701621596,
    "scalar_abs_area_harmonic_ratio": 0.15666117865925994,
    "scalar_signed_birth_harmonic_ratio": 0.2440958153884172,
    "scalar_signed_outward_harmonic_ratio": 0.2440958153884172,
    "scalar_signed_birth_total_norm": 0.8734551608396652,
    "scalar_signed_outward_total_norm": 0.8734551608396652,
    "Q_even_total_norm": 3.01247699184197,
    "Q_even_harmonic_norm": 0.899132398616151,
    "Q_even_harmonic_ratio": 0.2984694658418223,
    "Q_even_raw_orientation_coherence": 0.45048259346024283,
    "Q_even_raw_axis_coherence": 0.6407829229417342,
    "Q_even_raw_support_count": 8,
    "Q_even_H_orientation_coherence": 0.03549340330171477,
    "Q_even_H_axis_coherence": 0.7629687849818487,
    "Q_even_H_support_count": 59,
    "Q_even_raw_normal_flux_signed_ratio": -0.35021805660561944,
    "Q_even_raw_normal_flux_abs_ratio": 0.5646900291590847,
    "Q_even_raw_kappa_orientation_ratio": 0.620195219537577,
    "Q_even_raw_birth_normal_flux_signed_ratio": -0.35021805660561944,
    "Q_even_raw_birth_normal_flux_abs_ratio": 0.5646900291590847,
    "Q_even_raw_kappa_birth_orientation_ratio": 0.620195219537577,
    "Q_even_H_normal_flux_signed_ratio": -0.0777362433388792,
    "Q_even_H_normal_flux_abs_ratio": 0.4039490146390565,
    "Q_even_H_kappa_orientation_ratio": 0.19244073019499006,
    "Q_even_H_birth_normal_flux_signed_ratio": -0.0777362433388792,
    "Q_even_H_birth_normal_flux_abs_ratio": 0.4039490146390565,
    "Q_even_H_kappa_birth_orientation_ratio": 0.19244073019499006,
    "P_odd_total_norm": 2.542976010565678,
    "P_odd_harmonic_norm": 0.711129116049489,
    "P_odd_harmonic_ratio": 0.27964444536424105,
    "P_odd_raw_orientation_coherence": 0.2695914262936634,
    "P_odd_raw_axis_coherence": 0.4607522412806647,
    "P_odd_raw_support_count": 8,
    "P_odd_H_orientation_coherence": 0.03188388814431638,
    "P_odd_H_axis_coherence": 0.6472078101556036,
    "P_odd_H_support_count": 59,
    "P_odd_raw_normal_flux_signed_ratio": -0.08844318859602084,
    "P_odd_raw_normal_flux_abs_ratio": 0.382034383221552,
    "P_odd_raw_kappa_orientation_ratio": 0.2315058342392673,
    "P_odd_raw_birth_normal_flux_signed_ratio": -0.08844318859602084,
    "P_odd_raw_birth_normal_flux_abs_ratio": 0.382034383221552,
    "P_odd_raw_kappa_birth_orientation_ratio": 0.2315058342392673,