A_invariant,A_rank_score,K_axial_a_norm,K_axial_b_norm,a_b_transport_cosine,cascade_index,decision_used_delta_beta,directed_imbalance,event_t,face_a,face_b,measured_delta_beta1,measured_delta_beta2,move_class,pair_index,pair_vec_a_norm,pair_vec_b_norm,transported_reversed_b_norm,transverse_complementarity
5.7033487085197585,23.548975715173086,0.295570900506774,0.14662445514215916,-0.12890244341825408,1,False,0.5902665693185405,6,"[4, 5, 6]","[0, 1, 2]",0,1,handle_candidate,0,0.31255105172172265,0.31255105172169056,0.14662445514214403,0.41941405673564996
5.142202449751199,22.82665234876046,0.649331397283801,0.1681611967551044,-0.012097283839237577,2,False,0.60423140775587,6,"[2, 4, 5]","[0, 1, 3]",0,1,handle_candidate,1,0.6687806740740847,0.6687806740743416,0.16816119675512,0.31593600984829
