A_invariant,A_rank_score,P_odd_norm,P_over_Q_norm_ratio,Q_P_cosine,Q_even_norm,abs_area_norm_Q_cross_P,abs_area_ratio,cascade_index,decision_used_delta_beta,directed_imbalance,event_t,face_a,face_b,ka_norm,measured_delta_beta1,measured_delta_beta2,move_class,pair_index,signed_birth_area,signed_birth_over_abs,signed_outward_area,signed_outward_over_abs,signed_pair_axis_area,signed_pair_axis_over_abs,transport_cosine_ka_kb_reversed,transported_reversed_kb_norm,transverse_complementarity
5.7033487085197585,23.548975715173086,0.34645867893859555,1.1084866841080216,0.6082357044327733,0.31255105172172265,0.08595273214485286,0.7937564663262269,1,False,0.5902665693185405,6,"[4, 5, 6]","[0, 1, 2]",0.295570900506774,0,1,handle_candidate,0,-0.001195137711135661,-0.013904592457952778,-0.001195137711135661,-0.013904592457952778,-0.012822554824292414,-0.1491814687464951,-0.12890244341825408,0.14662445514214403,0.41941405673564996
5.142202449751199,22.82665234876046,0.6727193420515779,1.005889326843872,0.8743089429094826,0.6687806740740847,0.21836870945647557,0.4853698304839902,2,False,0.60423140775587,6,"[2, 4, 5]","[0, 1, 3]",0.649331397283801,0,1,handle_candidate,1,0.012236993052682594,0.056038216661556936,0.012236993052682594,0.056038216661556936,-0.09925698384555438,-0.4545384917653844,-0.012097283839237577,0.16816119675512,0.31593600984829
