{
  "variant": "no_backreaction",
  "option": "B_to_A_rescan_strong_noReuseB",
  "assembly_order": "B_to_A_rescan",
  "require_connected_assembly": true,
  "require_strong_assembly_context": true,
  "allow_B_reuse_A_faces": false,
  "baseline_metrics": {
    "vertices": 13,
    "edges": 33,
    "faces": 31,
    "tets": 10,
    "euler": 1,
    "beta0": 1,
    "beta1": 0,
    "beta2": 0,
    "beta3": 0,
    "boundary_faces": 22,
    "saturated_faces": 9,
    "overfull_faces": 0,
    "boundary_fraction": 0.7096774193548159,
    "saturated_fraction": 0.29032258064515193,
    "manifold_face_fraction": 0.9999999999999678,
    "edge_link_cycle_count": 0,
    "edge_link_candidate_count": 17,
    "edge_link_cycle_fraction": 0.0,
    "edge_link_noncircle_cycle_count": 0,
    "K_mean": 0.6243169724281119,
    "K_p95": 1.3870186003895344,
    "closed_ratio": 0.5081210545386275,
    "exact_residual_ratio": 0.2737836843813679,
    "harmonic_ratio": 0.0
  },
  "auto_metrics": {
    "vertices": 13,
    "edges": 41,
    "faces": 55,
    "tets": 22,
    "euler": 5,
    "beta0": 1,
    "beta1": 0,
    "beta2": 4,
    "beta3": 0,
    "boundary_faces": 22,
    "saturated_faces": 33,
    "overfull_faces": 0,
    "boundary_fraction": 0.3999999999999927,
    "saturated_fraction": 0.5999999999999891,
    "manifold_face_fraction": 0.9999999999999818,
    "edge_link_cycle_count": 9,
    "edge_link_candidate_count": 31,
    "edge_link_cycle_fraction": 0.29032258064515193,
    "edge_link_noncircle_cycle_count": 0,
    "K_mean": 0.5646821103470239,
    "K_p95": 1.1146836048717366,
    "closed_ratio": 0.5373228843842965,
    "exact_residual_ratio": 0.31253946496017687,
    "harmonic_ratio": 0.16204615562374564
  },
  "directed_metrics": {
    "beta0": 1,
    "beta1": 0,
    "beta2": 4,
    "beta3": 0,
    "harmonic_dim_real": 4,
    "applied_pair_count": 4,
    "raw_K_total_norm": 4.043392658649426,
    "raw_K_harmonic_norm": 2.3057392122665883e-15,
    "raw_K_harmonic_ratio": 5.702486517933632e-16,
    "raw_local_orientation_coherence": 0.13294948605954515,
    "raw_local_axis_coherence": 0.45597024897358457,
    "raw_support_count": 55,
    "raw_H_orientation_coherence": 0.0,
    "raw_H_axis_coherence": 0.0,
    "raw_H_support_count": 0,
    "raw_3face_coherence": 0.5590526306551488,
    "shared_edge_3face_phase_defect": 0.44094736934485124,
    "raw_3face_count": 321,
    "pair_transport_total_norm": 2.4199836508356944,
    "pair_transport_harmonic_norm": 0.7914182683217846,
    "pair_transport_harmonic_ratio": 0.32703455167895723,
    "pair_scalar_total_norm": 2.419983650838259,
    "pair_scalar_harmonic_norm": 0.5067825227393836,
    "pair_scalar_harmonic_ratio": 0.2094156803760346,
    "pair_raw_orientation_coherence": 0.09100009354944874,
    "pair_raw_axis_coherence": 0.4436079036194019,
    "pair_raw_support_count": 8,
    "pair_orientation_coherence": 0.08792880703875951,
    "pair_axis_coherence": 0.6570888711571994,
    "pair_H_support_count": 55,
    "pair_3face_coherence": 0.0,
    "pair_shared_edge_3face_phase_defect": 0.0,
    "pair_3face_count": 0,
    "mean_pair_transport_cosine": -0.10793789378483415,
    "interfan_phase_transport_residual": 0.8209611079890377,
    "decision_used_delta_beta_any": false,
    "measured_delta_beta2_sum": 4,
    "raw_normal_flux_signed_ratio": -0.01626985675261128,
    "raw_normal_flux_abs_ratio": 0.5781759727073077,
    "raw_kappa_orientation_ratio": 0.0281399738498291,
    "raw_birth_normal_flux_signed_ratio": -0.01626985675261128,
    "raw_birth_normal_flux_abs_ratio": 0.5781759727073077,
    "raw_kappa_birth_orientation_ratio": 0.0281399738498291,
    "raw_H_normal_flux_signed_ratio": -8.159467181608591e-05,
    "raw_H_normal_flux_abs_ratio": 0.002211898715462525,
    "raw_H_kappa_orientation_ratio": 0.03688897290314437,
    "raw_H_birth_normal_flux_signed_ratio": -8.159467181608591e-05,
    "raw_H_birth_normal_flux_abs_ratio": 0.002211898715462525,
    "raw_H_kappa_birth_orientation_ratio": 0.03688897290314437,
    "pair_raw_normal_flux_signed_ratio": -0.3390235220677362,
    "pair_raw_normal_flux_abs_ratio": 0.5346726812320045,
    "pair_raw_kappa_orientation_ratio": 0.6340767612923793,
    "pair_raw_birth_normal_flux_signed_ratio": -0.3390235220677362,
    "pair_raw_birth_normal_flux_abs_ratio": 0.5346726812320045,
    "pair_raw_kappa_birth_orientation_ratio": 0.6340767612923793,
    "pair_normal_flux_signed_ratio": 0.02039067121564708,
    "pair_normal_flux_abs_ratio": 0.41165192238110127,
    "pair_kappa_orientation_ratio": 0.049533768961049975,
    "pair_birth_normal_flux_signed_ratio": 0.02039067121564708,
    "pair_birth_normal_flux_abs_ratio": 0.41165192238110127,
    "pair_kappa_birth_orientation_ratio": 0.049533768961049975
  },
  "signed_quadrature_metrics": {
    "beta0": 1,
    "beta1": 0,
    "beta2": 4,
    "beta3": 0,
    "harmonic_dim_real": 4,
    "applied_pair_count": 4,
    "decision_used_delta_beta_any": false,
    "measured_delta_beta2_sum": 4,
    "mean_transport_cosine_ka_kb_reversed": -0.10793789378483415,
    "mean_Q_P_cosine": 0.5267787620176866,
    "mean_P_over_Q_norm_ratio": 1.0709580922003974,
    "abs_area_total": 1.7885848741044374,
    "abs_area_mean_ratio": 0.6918122279934664,
    "signed_birth_area_sum": -1.0054843857735216,
    "signed_outward_area_sum": -1.0054843857735216,
    "signed_pair_axis_area_sum": 0.35323583333086006,
    "signed_birth_over_abs_sum_ratio": -0.5621675551049349,
    "signed_outward_over_abs_sum_ratio": -0.5621675551049349,
    "signed_pair_axis_over_abs_sum_ratio": 0.19749458828870578,
    "mean_signed_birth_over_abs": -0.31541562781180477,
    "mean_signed_outward_over_abs": -0.31541562781180477,
    "mean_signed_pair_axis_over_abs": 0.02230668966604682,
    "mean_abs_signed_birth_over_abs": 0.48219785932903125,
    "mean_abs_signed_outward_over_abs": 0.48219785932903125,
    "mean_abs_signed_pair_axis_over_abs": 0.42380291061770786,
    "scalar_abs_area_harmonic_ratio": 0.2476154133493443,
    "scalar_signed_birth_harmonic_ratio": 0.2514430582996954,
    "scalar_signed_outward_harmonic_ratio": 0.2514430582996954,
    "scalar_signed_birth_total_norm": 1.2009095122175257,
    "scalar_signed_outward_total_norm": 1.2009095122175257,
    "Q_even_total_norm": 2.4199836508356944,
    "Q_even_harmonic_norm": 0.7914182683217846,
    "Q_even_harmonic_ratio": 0.32703455167895723,
    "Q_even_raw_orientation_coherence": 0.09100009354944874,
    "Q_even_raw_axis_coherence": 0.4436079036194019,
    "Q_even_raw_support_count": 8,
    "Q_even_H_orientation_coherence": 0.08792880703875951,
    "Q_even_H_axis_coherence": 0.6570888711571994,
    "Q_even_H_support_count": 55,
    "Q_even_raw_normal_flux_signed_ratio": -0.3390235220677362,
    "Q_even_raw_normal_flux_abs_ratio": 0.5346726812320045,
    "Q_even_raw_kappa_orientation_ratio": 0.6340767612923793,
    "Q_even_raw_birth_normal_flux_signed_ratio": -0.3390235220677362,
    "Q_even_raw_birth_normal_flux_abs_ratio": 0.5346726812320045,
    "Q_even_raw_kappa_birth_orientation_ratio": 0.6340767612923793,
    "Q_even_H_normal_flux_signed_ratio": 0.02039067121564708,
    "Q_even_H_normal_flux_abs_ratio": 0.41165192238110127,
    "Q_even_H_kappa_orientation_ratio": 0.049533768961049975,
    "Q_even_H_birth_normal_flux_signed_ratio": 0.02039067121564708,
    "Q_even_H_birth_normal_flux_abs_ratio": 0.41165192238110127,
    "Q_even_H_kappa_birth_orientation_ratio": 0.049533768961049975,
    "P_odd_total_norm": 2.4352340478978585,
    "P_odd_harmonic_norm": 0.6393468956740022,
    "P_odd_harmonic_ratio": 0.2625402253330173,
    "P_odd_raw_orientation_coherence": 0.1720174132375033,
    "P_odd_raw_axis_coherence": 0.4472576764882409,
    "P_odd_raw_support_count": 8,
    "P_odd_H_orientation_coherence": 0.04859624986467513,
    "P_odd_H_axis_coherence": 0.6143298660996155,
    "P_odd_H_support_count": 55,
    "P_odd_raw_normal_flux_signed_ratio": 0.003105675013624808,
    "P_odd_raw_normal_flux_abs_ratio": 0.6725664027809024,