P_harm,Q_harm,assemblies,beta,beta0,beta1,beta2,beta3,direct_sum_avg_J2_resid,direct_sum_avg_mean_resid,direct_sum_avg_span_leakage,direct_sum_gate_pass,direct_sum_motif_lock,motif_count,motif_improves_direct_sum_count,motif_improves_union_sum_count,option,pair_harm,pair_local_J_lock,pair_local_avg_mean_J_lock_raw_QP,pairings,signed_birth,union_sum_avg_J2_resid,union_sum_avg_mean_resid,union_sum_avg_span_leakage,union_sum_gate_pass,union_sum_motif_lock,used_delta_beta,variant
0.24880104631557917,0.38179479579105513,1,"[1, 0, 4, 0]",1,0,4,0,0.3395063127800073,0.5438258343030384,0.5438258343031512,0,0.5438258343030384,1,1,1,A_to_B_rescan_strong_reuseB,0.38179479579105513,0.4485530110320348,0.9623208521879859,4,-0.6246641039192367,0.3395063127800071,0.5438258343030387,0.5438258343031512,0,0.5438258343030387,False,real_growth
0.0,0.0,0,"[1, 0, 0, 0]",1,0,0,0,0.0,0.0,0.0,0,0.0,0,0,0,A_to_B_rescan_strong_reuseB,0.0,0.0,0.0,0,0.0,0.0,0.0,0.0,0,0.0,False,strict_symmetrized_control
0.3433668689249218,0.40562305647622443,2,"[1, 0, 8, 0]",1,0,8,0,0.5198808466475675,0.6703858034698527,0.6703858034699914,0,0.6611077283622376,2,2,2,A_to_B_rescan_strong_reuseB,0.40562305647622443,0.3394769439901298,0.931638764961324,4,-0.2852651970622306,0.5198808466475674,0.6703858034698527,0.6703858034699914,0,0.6611077283622376,False,no_backreaction
