P_odd_norm,QP_cross_norm,Q_even_norm,abs_area_scalar,birth_orders,birth_times,face,signed_birth_area_scalar,signed_outward_area_scalar
0.6727193420518439,0.218368709456545,0.6687806740743416,0.21836870945647557,"[0, 1, 3]","[0, 1, 3]","[0, 1, 3]",-0.012236993052682594,-0.012236993052682594
0.6727193420515779,0.21836870945647557,0.6687806740740847,0.21836870945647557,"[2, 1, 2]","[2, 4, 5]","[2, 4, 5]",0.012236993052682594,0.012236993052682594
0.3464586789385956,0.08595273214485286,0.31255105172172265,0.08595273214485286,"[1, 2, 3]","[4, 5, 6]","[4, 5, 6]",-0.001195137711135661,-0.001195137711135661
0.34645867893855964,0.08595273214485274,0.31255105172169056,0.08595273214485286,"[0, 1, 2]","[0, 1, 2]","[0, 1, 2]",0.001195137711135661,0.001195137711135661
