P_odd_norm,QP_cross_norm,Q_even_norm,abs_area_scalar,birth_orders,birth_times,face,signed_birth_area_scalar,signed_outward_area_scalar
0.6627150842700392,0.18641674055017435,0.7210116939007106,0.1864167405501066,"[0, 1, 3]","[0, 1, 3]","[0, 1, 3]",-0.046742927945021454,-0.046742927945021454
0.6627150842697741,0.1864167405501066,0.7210116939004291,0.1864167405501066,"[2, 1, 2]","[2, 4, 5]","[2, 4, 5]",0.046742927945021454,0.046742927945021454
0.3418867678799431,0.05793386614569118,0.47551007303156195,0.05793386614569118,"[1, 2, 3]","[4, 5, 6]","[4, 5, 6]",-0.018631946312495352,-0.018631946312495352
0.341886767879912,0.05793386614569043,0.47551007303151793,0.05793386614569118,"[0, 1, 2]","[0, 1, 2]","[0, 1, 2]",0.018631946312495352,0.018631946312495352
