P_odd_harmonic_ratio,QP_comm_harmonic_ratio,Q_even_harmonic_ratio,beta0,beta1,beta2,beta3,comm_signed_birth_over_abs_sum_ratio,comm_signed_outward_over_abs_sum_ratio,decision_used_delta_beta_any,mean_JP_to_minusQ_resid,mean_JQ_to_P_resid,mean_P_odd_pair_conjugation_resid,mean_Q_even_pair_conjugation_resid,mean_abs_block_exchange_comm_grade_signed,mean_block_exchange_comm_grade_signed,mean_local_CJC_plus_J_resid,mean_local_C_square_resid,mean_local_J_square_resid,pairings,phase_sign,variant,variant_phase
0.2223622980580523,0.2472042067379052,0.22973062009687342,1,0,2,0,0.03053228041943122,0.03053228041943122,False,0.8811331936163563,0.8811331936163511,2.54077189599785e-13,2.420829716783313e-13,0.9999999999996845,0.9999999999996845,4.1957133132958085e-13,4.1955994516844905e-13,4.1955994516844905e-13,2,1,real_growth,real_growth_phaseplus1
0.20766140482798737,0.2526559600975899,0.20604970825653332,1,0,2,0,0.15192848701512826,0.15192848701512826,False,0.9669690371729918,0.9669690371729844,2.5089233994216053e-13,2.44582223531548e-13,0.9999999999997378,0.9999999999997378,4.1957133132958085e-13,4.1955994516844905e-13,4.1955994516844905e-13,2,-1,real_growth,real_growth_phaseminus1
0.0,0.0,0.0,1,0,0,0,0.0,0.0,False,0.0,0.0,0.0,0.0,0.0,0.0,0.0,0.0,0.0,0,1,strict_symmetrized_control,strict_symmetrized_control_phaseplus1
0.0,0.0,0.0,1,0,0,0,0.0,0.0,False,0.0,0.0,0.0,0.0,0.0,0.0,0.0,0.0,0.0,0,-1,strict_symmetrized_control,strict_symmetrized_control_phaseminus1
0.22032942395418834,0.24643403909886138,0.2237951961247543,1,0,2,0,0.036283527323637814,0.036283527323637814,False,0.9325414771021501,0.9325414771021511,2.532365936663812e-13,2.5009973100931004e-13,0.9999999999995228,0.9999999999995228,4.1957133132958085e-13,4.1955994516844905e-13,4.1955994516844905e-13,2,1,no_backreaction,no_backreaction_phaseplus1
0.20550503711739804,0.252024514650313,0.20395169765228607,1,0,2,0,0.11504363345988163,0.11504363345988163,False,0.9819605044636452,0.9819605044636447,2.5118503078449237e-13,2.4910445905232117e-13,0.9999999999996565,0.9999999999996565,4.1957133132958085e-13,4.1955994516844905e-13,4.1955994516844905e-13,2,-1,no_backreaction,no_backreaction_phaseminus1
