JQ_to_P_minus,JQ_to_P_plus,P_harm_minus,P_harm_plus,block_comm_grade_flip_score_zero_if_perfect_flip,block_comm_grade_minus,block_comm_grade_plus,comm_signed_birth_flip_score_zero_if_perfect_flip,comm_signed_birth_minus,comm_signed_birth_plus,variant
0.9819605044636447,0.9325414771021511,0.20550503711739804,0.22032942395418834,0.9999999999995,0.9999999999996565,0.9999999999995228,0.9999999999933917,0.11504363345988163,0.036283527323637814,no_backreaction
0.9669690371729844,0.8811331936163511,0.20766140482798737,0.2223622980580523,0.9999999999995,0.9999999999997378,0.9999999999996845,0.9999999999945194,0.15192848701512826,0.03053228041943122,real_growth
0.0,0.0,0.0,0.0,0.0,0.0,0.0,0.0,0.0,0.0,strict_symmetrized_control
