A_invariant,A_rank_score,JP_to_minusQ_resid,JQ_to_P_resid,P_odd_norm,P_odd_pair_conjugation_resid,P_over_Q_norm_ratio,Q_even_norm,Q_even_pair_conjugation_resid,block_exchange_comm_grade_signed,cascade_index,comm_abs_area,comm_signed_birth,comm_signed_birth_over_abs,comm_signed_outward,comm_signed_outward_over_abs,decision_used_delta_beta,directed_imbalance,event_t,face_a,face_b,ka_norm,kb_reversed_norm,local_CJC_plus_J_resid,local_C_square_minus_I_resid,local_J_orthogonality_resid,local_J_square_minus_neg_I_resid,measured_delta_beta1,measured_delta_beta2,move_class,pair_index,transport_cosine_ka_kb_reversed,transverse_complementarity
4.420385723163341,19.526547363494412,0.8117017538063364,0.8117017538063546,0.4689460917174749,1.0380443685728937e-13,1.317056670490601,0.35605612288609906,1.0216291770418993e-13,0.9999999999995011,1,0.15903134524409304,-0.00013931800629270665,-0.0008760411733799714,-0.00013931800629270665,-0.0008760411733799714,False,0.3811503034968431,6,"[4, 5, 6]","[0, 1, 2]",0.33482787224422433,0.24745402756733018,1.6948585881677002e-13,1.6948940486162536e-13,1.6948940486162536e-13,1.6948940486162536e-13,0,1,handle_candidate,0,-0.2810181344305534,0.41941405673564996
3.8999805909940104,19.129510723883353,0.9505646334263763,0.9505646334263477,0.8291594669043608,4.0434994234228067e-13,1.0920269949414145,0.7592847711129631,3.820030256524727e-13,0.9999999999998679,2,0.3719881632216273,0.01635255454698714,0.0439598787373255,0.01635255454698714,0.0439598787373255,False,0.42938292169118075,6,"[2, 4, 5]","[0, 1, 3]",0.754959457414749,0.24908956272919622,6.696568038423916e-13,6.696304854752727e-13,6.696304854752727e-13,6.696304854752727e-13,0,1,handle_candidate,1,-0.14755459970445156,0.31593600984829
