P_odd_norm,QP_comm_norm,Q_even_norm,birth_orders,birth_times,face
0.8291594669046914,0.3719881632217399,0.7592847711132332,"[0, 1, 3]","[0, 1, 3]","[0, 1, 3]"
0.8291594669043608,0.37198816322162737,0.7592847711129631,"[2, 1, 2]","[2, 4, 5]","[2, 4, 5]"
0.4689460917174749,0.15903134524409304,0.35605612288609906,"[1, 2, 3]","[4, 5, 6]","[4, 5, 6]"
0.46894609171742624,0.15903134524409243,0.3560561228860632,"[0, 1, 2]","[0, 1, 2]","[0, 1, 2]"
