{
  "variant": "real_growth",
  "option": "stale_same_scan_strong_reuseB",
  "assembly_order": "stale_same_scan",
  "require_connected_assembly": true,
  "require_strong_assembly_context": true,
  "allow_B_reuse_A_faces": true,
  "baseline_metrics": {
    "vertices": 13,
    "edges": 33,
    "faces": 31,
    "tets": 10,
    "euler": 1,
    "beta0": 1,
    "beta1": 0,
    "beta2": 0,
    "beta3": 0,
    "boundary_faces": 22,
    "saturated_faces": 9,
    "overfull_faces": 0,
    "boundary_fraction": 0.7096774193548159,
    "saturated_fraction": 0.29032258064515193,
    "manifold_face_fraction": 0.9999999999999678,
    "edge_link_cycle_count": 0,
    "edge_link_candidate_count": 17,
    "edge_link_cycle_fraction": 0.0,
    "edge_link_noncircle_cycle_count": 0,
    "K_mean": 0.8073735822465625,
    "K_p95": 1.8499405472778678,
    "closed_ratio": 0.4594816320937747,
    "exact_residual_ratio": 0.2571057228705153,
    "harmonic_ratio": 0.0
  },
  "auto_metrics": {
    "vertices": 13,
    "edges": 42,
    "faces": 58,
    "tets": 22,
    "euler": 7,
    "beta0": 1,
    "beta1": 0,
    "beta2": 6,
    "beta3": 0,
    "boundary_faces": 28,
    "saturated_faces": 30,
    "overfull_faces": 0,
    "boundary_fraction": 0.4827586206896468,
    "saturated_fraction": 0.5172413793103359,
    "manifold_face_fraction": 0.9999999999999827,
    "edge_link_cycle_count": 4,
    "edge_link_candidate_count": 34,
    "edge_link_cycle_fraction": 0.11764705882352594,
    "edge_link_noncircle_cycle_count": 0,
    "K_mean": 0.8393894850360759,
    "K_p95": 1.8369705440934816,
    "closed_ratio": 0.4145536500872348,
    "exact_residual_ratio": 0.2753894953739716,
    "harmonic_ratio": 0.17661388917152507
  },
  "directed_metrics": {
    "beta0": 1,
    "beta1": 0,
    "beta2": 6,
    "beta3": 0,
    "harmonic_dim_real": 6,
    "applied_pair_count": 4,
    "raw_K_total_norm": 6.311828439656588,
    "raw_K_harmonic_norm": 2.7682800715389285e-15,
    "raw_K_harmonic_ratio": 4.385860766027262e-16,
    "raw_local_orientation_coherence": 0.19728088766819457,
    "raw_local_axis_coherence": 0.5100052292111004,
    "raw_support_count": 58,
    "raw_H_orientation_coherence": 0.0,
    "raw_H_axis_coherence": 0.0,
    "raw_H_support_count": 0,
    "raw_3face_coherence": 0.5875922624069058,
    "shared_edge_3face_phase_defect": 0.41240773759309435,
    "raw_3face_count": 344,
    "pair_transport_total_norm": 3.488804410768828,
    "pair_transport_harmonic_norm": 0.8799113736928424,
    "pair_transport_harmonic_ratio": 0.25221000379860337,
    "pair_scalar_total_norm": 3.488804410776548,
    "pair_scalar_harmonic_norm": 0.7125282696732087,
    "pair_scalar_harmonic_ratio": 0.204232793180403,
    "pair_raw_orientation_coherence": 0.374091398194442,
    "pair_raw_axis_coherence": 0.6968180451451869,
    "pair_raw_support_count": 8,
    "pair_orientation_coherence": 0.055911964210431334,
    "pair_axis_coherence": 0.6381826848660519,
    "pair_H_support_count": 58,
    "pair_3face_coherence": 0.0,
    "pair_shared_edge_3face_phase_defect": 0.0,
    "pair_3face_count": 0,
    "mean_pair_transport_cosine": -0.18399268914391467,
    "interfan_phase_transport_residual": 0.4164437022900471,
    "decision_used_delta_beta_any": false,
    "measured_delta_beta2_sum": 6,
    "raw_normal_flux_signed_ratio": -0.13637708102611823,
    "raw_normal_flux_abs_ratio": 0.48603512535909427,
    "raw_kappa_orientation_ratio": 0.2805909982844944,
    "raw_birth_normal_flux_signed_ratio": -0.13637708102611823,
    "raw_birth_normal_flux_abs_ratio": 0.48603512535909427,
    "raw_kappa_birth_orientation_ratio": 0.2805909982844944,
    "raw_H_normal_flux_signed_ratio": -6.268307801806125e-05,
    "raw_H_normal_flux_abs_ratio": 0.003099317230315954,
    "raw_H_kappa_orientation_ratio": 0.020224802219244376,
    "raw_H_birth_normal_flux_signed_ratio": -6.268307801806125e-05,
    "raw_H_birth_normal_flux_abs_ratio": 0.003099317230315954,
    "raw_H_kappa_birth_orientation_ratio": 0.020224802219244376,
    "pair_raw_normal_flux_signed_ratio": -0.2670622995079598,
    "pair_raw_normal_flux_abs_ratio": 0.277117089939323,
    "pair_raw_kappa_orientation_ratio": 0.9637164548944691,
    "pair_raw_birth_normal_flux_signed_ratio": -0.2670622995079598,
    "pair_raw_birth_normal_flux_abs_ratio": 0.277117089939323,
    "pair_raw_kappa_birth_orientation_ratio": 0.9637164548944691,
    "pair_normal_flux_signed_ratio": -0.011408169333675838,
    "pair_normal_flux_abs_ratio": 0.5042825315443927,
    "pair_kappa_orientation_ratio": 0.022622574886175563,
    "pair_birth_normal_flux_signed_ratio": -0.011408169333675838,
    "pair_birth_normal_flux_abs_ratio": 0.5042825315443927,
    "pair_kappa_birth_orientation_ratio": 0.022622574886175563
  },
  "signed_quadrature_metrics": {
    "beta0": 1,
    "beta1": 0,
    "beta2": 6,
    "beta3": 0,
    "harmonic_dim_real": 6,
    "applied_pair_count": 4,
    "decision_used_delta_beta_any": false,
    "measured_delta_beta2_sum": 6,
    "mean_transport_cosine_ka_kb_reversed": -0.18399268914391467,
    "mean_Q_P_cosine": 0.588119354809238,
    "mean_P_over_Q_norm_ratio": 1.7424367218366335,
    "abs_area_total": 2.961677661970623,
    "abs_area_mean_ratio": 0.5934851246614853,
    "signed_birth_area_sum": -0.7155959456856775,
    "signed_outward_area_sum": -0.7155959456856775,
    "signed_pair_axis_area_sum": -0.9913478507908302,
    "signed_birth_over_abs_sum_ratio": -0.24161844311217076,
    "signed_outward_over_abs_sum_ratio": -0.24161844311217076,
    "signed_pair_axis_over_abs_sum_ratio": -0.3347250997365049,
    "mean_signed_birth_over_abs": -0.35909195691687534,
    "mean_signed_outward_over_abs": -0.35909195691687534,
    "mean_signed_pair_axis_over_abs": -0.09594145358272432,
    "mean_abs_signed_birth_over_abs": 0.35909195691687534,
    "mean_abs_signed_outward_over_abs": 0.35909195691687534,
    "mean_abs_signed_pair_axis_over_abs": 0.3713937167163704,
    "scalar_abs_area_harmonic_ratio": 0.2961430311639253,
    "scalar_signed_birth_harmonic_ratio": 0.30535633729735084,
    "scalar_signed_outward_harmonic_ratio": 0.30535633729735084,
    "scalar_signed_birth_total_norm": 0.6017908721817872,
    "scalar_signed_outward_total_norm": 0.6017908721817872,
    "Q_even_total_norm": 3.488804410768828,
    "Q_even_harmonic_norm": 0.8799113736928424,
    "Q_even_harmonic_ratio": 0.25221000379860337,
    "Q_even_raw_orientation_coherence": 0.374091398194442,
    "Q_even_raw_axis_coherence": 0.6968180451451869,
    "Q_even_raw_support_count": 8,
    "Q_even_H_orientation_coherence": 0.055911964210431334,
    "Q_even_H_axis_coherence": 0.6381826848660519,
    "Q_even_H_support_count": 58,
    "Q_even_raw_normal_flux_signed_ratio": -0.2670622995079598,
    "Q_even_raw_normal_flux_abs_ratio": 0.277117089939323,
    "Q_even_raw_kappa_orientation_ratio": 0.9637164548944691,
    "Q_even_raw_birth_normal_flux_signed_ratio": -0.2670622995079598,
    "Q_even_raw_birth_normal_flux_abs_ratio": 0.277117089939323,
    "Q_even_raw_kappa_birth_orientation_ratio": 0.9637164548944691,
    "Q_even_H_normal_flux_signed_ratio": -0.011408169333675838,
    "Q_even_H_normal_flux_abs_ratio": 0.5042825315443927,
    "Q_even_H_kappa_orientation_ratio": 0.022622574886175563,
    "Q_even_H_birth_normal_flux_signed_ratio": -0.011408169333675838,
    "Q_even_H_birth_normal_flux_abs_ratio": 0.5042825315443927,
    "Q_even_H_kappa_birth_orientation_ratio": 0.022622574886175563,
    "P_odd_total_norm": 4.423887554867324,
    "P_odd_harmonic_norm": 1.473411557491059,
    "P_odd_harmonic_ratio": 0.3330580940895806,
    "P_odd_raw_orientation_coherence": 0.49792179304106166,
    "P_odd_raw_axis_coherence": 0.5724235194851197,
    "P_odd_raw_support_count": 8,
    "P_odd_H_orientation_coherence": 0.043953838902079,
    "P_odd_H_axis_coherence": 0.8140473705101416,
    "P_odd_H_support_count": 58,
    "P_odd_raw_normal_flux_signed_ratio": -0.01984938239808148,
    "P_odd_raw_normal_flux_abs_ratio": 0.6662664777143963,